CREATE DATABASE Autoverleih;
USE Autoverleih;


SET SQL_MODE = "NO_AUTO_VALUE_ON_ZERO";
START TRANSACTION;
SET time_zone = "+00:00";

--
-- Datenbank: `autovermietung`
--

-- --------------------------------------------------------

--
-- Tabellenstruktur für Tabelle `kfzs`
--

CREATE TABLE `kfz` (
  `kfzID` int(11) NOT NULL,
  `marke` varchar(45) DEFAULT NULL,
  `modell` varchar(45) DEFAULT NULL,
  `getriebe` enum('manuell','automatik') CHARACTER SET utf8 COLLATE utf8_general_mysql500_ci DEFAULT NULL,
  `kfzTypID` int(11) NOT NULL,
  `kfzPreisKategorieID` int(11) DEFAULT NULL,
  `kilometerStand` int(11) DEFAULT NULL,
  `anzahlTueren` int(1) DEFAULT NULL,
  `anzahlSitze` int(1) DEFAULT NULL,
  `standortMietstationID` int(11) DEFAULT NULL
) ENGINE=InnoDB DEFAULT CHARSET=utf8mb4;

--
-- Daten für Tabelle `kfz`
--
INSERT INTO `kfz` (`kfzID`, `marke`, `modell`, `getriebe`, `kfzTypID`, `kfzPreisKategorieID`, `kilometerStand`, `anzahlTueren`, `anzahlSitze`, `standortMietstationID`) VALUES
('1', 'VW', 'Up', 'manuell', 1, 3, 132428, 3, 4, 7),
('2', 'Opel', 'Corsa', 'automatik', 1, 2, 35762, 5, 5, 61),
('3', 'Renault', 'Twingo', 'manuell', 1, 1, 68890, 3, 4, 33),
('4', 'Hyundai', 'i10', 'automatik', 1, 1, 130255, 5, 5, 159),
('5', 'Peugeot', '208', 'manuell', 1, 3, 174891, 5, 5, 57),
('6', 'Fiat', 'Panda', 'manuell', 1, 3, 70853, 5, 4, 26),
('7', 'Toyota', 'Aygo', 'automatik', 1, 1, 33409, 5, 4, 83),
('8', 'Kia', 'Picanto', 'manuell', 1, 2, 127918, 5, 5, 148),
('9', 'Seat', 'Mii', 'manuell', 1, 3, 116894, 3, 4, 77),
('10', 'Citroën', 'C1', 'automatik', 1, 2, 84836, 3, 4, 61),
('11', 'Ford', 'Ka+', 'manuell', 1, 2, 60169, 5, 5, 35),
('12', 'Chevrolet', 'Spark', 'manuell', 1, 2, 99786, 5, 4, 40),
('13', 'Skoda', 'Citigo', 'manuell', 1, 1, 139923, 3, 4, 73),
('14', 'Mitsubishi', 'Space Star', 'automatik', 1, 2, 75596, 5, 5, 50),
('15', 'Suzuki', 'Celerio', 'manuell', 1, 2, 154838, 5, 5, 81),
('16', 'Dacia', 'Sandero', 'manuell', 1, 2, 19002, 5, 5, 157),
('17', 'Nissan', 'Micra', 'automatik', 1, 3, 172226, 5, 5, 107),
('18', 'Mazda', '2', 'manuell', 1, 2, 57193, 5, 5, 38),
('19', 'Honda', 'Jazz', 'automatik', 1, 1, 99482, 5, 5, 81),
('20', 'Smart', 'Forfour', 'manuell', 1, 3, 89752, 4, 4, 27),
('21', 'VW', 'Passat Variant', 'automatik', 2, 2, 73017, 5, 5, 69),
('22', 'Ford', 'Focus Turnier', 'manuell', 2, 3, 140965, 5, 5, 19),
('23', 'Opel', 'Astra Sports Tourer', 'automatik', 2, 3, 95169, 5, 5, 137),
('24', 'Skoda', 'Octavia Combi', 'automatik', 2, 2, 33381, 5, 5, 101),
('25', 'BMW', '3er Touring', 'automatik', 2, 1, 20361, 5, 5, 36),
('26', 'Mercedes-Benz', 'C-Klasse T-Modell', 'automatik', 2, 3, 95910, 5, 5, 142),
('27', 'Audi', 'A4 Avant', 'automatik', 2, 1, 93973, 5, 5, 102),
('28', 'Peugeot', '308 SW', 'manuell', 2, 3, 177332, 5, 5, 113),
('29', 'Hyundai', 'i30 Kombi', 'manuell', 2, 3, 157160, 5, 5, 100),
('30', 'Kia', 'Ceed SW', 'automatik', 2, 1, 138874, 5, 5, 53),
('31', 'Renault', 'Mégane Grandtour', 'manuell', 2, 1, 111072, 5, 5, 14),
('32', 'Mazda', '6 Kombi', 'automatik', 2, 3, 19359, 5, 5, 157),
('33', 'Volvo', 'V60', 'automatik', 2, 3, 112063, 5, 5, 165),
('34', 'Toyota', 'Corolla Touring Sports', 'automatik', 2, 1, 149756, 5, 5, 151),
('35', 'Honda', 'Civic Tourer', 'manuell', 2, 1, 170053, 5, 5, 60),
('36', 'Dacia', 'Logan MCV', 'manuell', 2, 2, 144086, 5, 5, 120),
('37', 'Fiat', 'Tipo Kombi', 'automatik', 2, 1, 147772, 5, 5, 121),
('38', 'Subaru', 'Levorg', 'automatik', 2, 1, 23380, 5, 5, 2),
('39', 'Seat', 'Leon ST', 'automatik', 2, 1, 97630, 5, 5, 108),
('40', 'Chevrolet', 'Cruze Station Wagon', 'manuell', 2, 3, 12539, 5, 5, 71),
('41', 'VW', 'Touran', 'automatik', 3, 2, 40693, 5, 7, 41),
('42', 'Ford', 'S-Max', 'automatik', 3, 1, 47678, 5, 7, 61),
('43', 'Opel', 'Zafira', 'manuell', 3, 2, 40059, 5, 7, 108),
('44', 'Renault', 'Espace', 'automatik', 3, 1, 26588, 5, 7, 72),
('45', 'Citroën', 'Grand C4 SpaceTourer', 'automatik', 3, 2, 174911, 5, 7, 103),
('46', 'Mercedes-Benz', 'Sprinter', 'manuell', 4, 1, 107621, 4, 9, 34),
('47', 'Ford', 'Transit', 'manuell', 4, 1, 31389, 4, 9, 44),
('48', 'VW', 'Crafter', 'automatik', 4, 3, 134515, 4, 9, 90),
('49', 'Peugeot', 'Boxer', 'manuell', 4, 1, 125397, 4, 9, 20),
('50', 'Renault', 'Master', 'automatik', 4, 1, 100290, 4, 9, 146),
('51', 'VW', 'Tiguan', 'automatik', 5, 3, 86887, 5, 5, 12),
('52', 'BMW', 'X1', 'automatik', 5, 3, 28330, 5, 5, 45),
('53', 'Audi', 'Q3', 'automatik', 5, 3, 165057, 5, 5, 131),
('54', 'Mercedes-Benz', 'GLA', 'automatik', 5, 3, 162328, 5, 5, 65),
('55', 'Hyundai', 'Tucson', 'automatik', 5, 1, 37228, 5, 5, 104),
('56', 'Kia', 'Sportage', 'automatik', 5, 3, 14652, 5, 5, 83),
('57', 'Ford', 'Kuga', 'automatik', 5, 2, 147314, 5, 5, 118),
('58', 'Opel', 'Grandland', 'automatik', 5, 1, 143161, 5, 5, 150),
('59', 'Renault', 'Kadjar', 'automatik', 5, 2, 96390, 5, 5, 146),
('60', 'Peugeot', '3008', 'automatik', 5, 2, 11184, 5, 5, 142),
('61', 'Dacia', 'Duster', 'manuell', 5, 1, 29940, 5, 5, 140),
('62', 'Mazda', 'CX-5', 'automatik', 5, 3, 174293, 5, 5, 121),
('63', 'Toyota', 'RAV4', 'automatik', 5, 2, 164452, 5, 5, 46),
('64', 'Honda', 'CR-V', 'automatik', 5, 1, 62832, 5, 5, 19),
('65', 'Skoda', 'Karoq', 'automatik', 5, 1, 173119, 5, 5, 17),
('66', 'Seat', 'Ateca', 'automatik', 5, 3, 10076, 5, 5, 4),
('67', 'Nissan', 'Qashqai', 'automatik', 5, 3, 40459, 5, 5, 59),
('68', 'Subaru', 'Forester', 'automatik', 5, 3, 43482, 5, 5, 22),
('69', 'Volvo', 'XC40', 'automatik', 5, 1, 66816, 5, 5, 89),
('70', 'Chevrolet', 'Captiva', 'manuell', 5, 1, 64989, 5, 5, 15),
('71', 'Ford', 'Ranger', 'manuell', 6, 2, 141038, 4, 5, 24),
('72', 'Toyota', 'Hilux', 'automatik', 6, 1, 20969, 4, 5, 62),
('73', 'Nissan', 'Navara', 'manuell', 6, 3, 41630, 4, 5, 100),
('74', 'Mitsubishi', 'L200', 'manuell', 6, 1, 88191, 4, 5, 96),
('75', 'Isuzu', 'D-Max', 'manuell', 6, 1, 145608, 4, 5, 107),
('76', 'Volkswagen', 'Amarok', 'automatik', 6, 3, 159049, 4, 5, 17),
('77', 'Chevrolet', 'Colorado', 'automatik', 6, 1, 52889, 4, 5, 37),
('78', 'Mazda', 'BT-50', 'manuell', 6, 2, 78829, 4, 5, 157),
('79', 'Jeep', 'Gladiator', 'automatik', 6, 2, 45358, 4, 5, 134),
('80', 'Ram', '1500', 'automatik', 6, 1, 117301, 4, 5, 67),
('81', 'BMW', '2er Cabrio', 'automatik', 7, 1, 120353, 2, 4, 108),
('82', 'Audi', 'A3 Cabriolet', 'automatik', 7, 1, 79488, 2, 4, 21),
('83', 'Mercedes-Benz', 'C-Klasse Cabrio', 'automatik', 7, 2, 13822, 2, 4, 164),
('84', 'VW', 'T-Roc Cabrio', 'automatik', 7, 2, 132496, 2, 4, 128),
('85', 'Mini', 'Cabrio', 'manuell', 7, 2, 142456, 2, 4, 41),
('86', 'Mazda', 'MX-5', 'manuell', 7, 3, 109237, 2, 2, 143),
('87', 'Fiat', '124 Spider', 'manuell', 7, 3, 106268, 2, 2, 68),
('88', 'Ford', 'Mustang Cabrio', 'automatik', 7, 1, 152405, 2, 4, 4),
('89', 'Opel', 'Cascada', 'automatik', 7, 1, 16306, 2, 4, 159),
('90', 'Peugeot', '308 CC', 'manuell', 7, 3, 49248, 2, 4, 121),
('91', 'Renault', 'Mégane CC', 'manuell', 7, 2, 66736, 2, 4, 3),
('92', 'Volkswagen', 'Eos', 'automatik', 7, 2, 31786, 2, 4, 124),
('93', 'Saab', '9-3 Cabrio', 'automatik', 7, 1, 115106, 2, 4, 68),
('94', 'Chevrolet', 'Camaro Cabrio', 'automatik', 7, 1, 155722, 2, 4, 90),
('95', 'Chrysler', 'Sebring Cabrio', 'automatik', 7, 2, 165007, 2, 4, 52),
('96', 'Citroën', 'C3 Pluriel', 'manuell', 7, 2, 48768, 2, 4, 26),
('97', 'Smart', 'Fortwo Cabrio', 'automatik', 7, 3, 121267, 2, 2, 42),
('98', 'BMW', 'Z4 Cabrio', 'automatik', 7, 3, 28906, 2, 2, 100),
('99', 'Audi', 'TT Roadster', 'automatik', 7, 1, 55745, 2, 2, 159),
('100', 'Mercedes-Benz', 'SLK', 'automatik', 7, 2, 131810, 2, 2, 121),
('101', 'Mazda', 'MX-5 RF', 'manuell', 8, 3, 146327, 2, 2, 114),
('102', 'BMW', 'Z4', 'automatik', 8, 3, 64984, 2, 2, 125),
('103', 'Porsche', 'Boxster', 'automatik', 8, 3, 173690, 2, 2, 74),
('104', 'Audi', 'TT Roadster', 'automatik', 8, 1, 166124, 2, 2, 165),
('105', 'Mercedes-Benz', 'SLK', 'automatik', 8, 3, 20717, 2, 2, 50),
('106', 'Fiat', '124 Spider', 'manuell', 8, 3, 51530, 2, 2, 35),
('107', 'Honda', 'S2000', 'manuell', 8, 3, 86831, 2, 2, 59),
('108', 'MG', 'TF', 'manuell', 8, 3, 106450, 2, 2, 118),
('109', 'Toyota', 'MR2', 'manuell', 8, 1, 63664, 2, 2, 138),
('110', 'Alfa Romeo', 'Spider', 'manuell', 8, 1, 76730, 2, 2, 37),
('111', 'Lotus', 'Elise', 'manuell', 8, 3, 11046, 2, 2, 60),
('112', 'Chevrolet', 'Corvette C5', 'automatik', 8, 3, 50823, 2, 2, 71),
('113', 'Daihatsu', 'Copen', 'manuell', 8, 3, 135543, 2, 2, 34),
('114', 'Opel', 'GT', 'manuell', 8, 3, 99035, 2, 2, 124),
('115', 'Renault', 'Wind', 'manuell', 8, 1, 69956, 2, 2, 153),
('116', 'Tesla', 'Roadster', 'automatik', 8, 1, 146849, 2, 2, 165),
('117', 'Peugeot', '207 CC', 'manuell', 8, 1, 129250, 2, 2, 127),
('118', 'Volkswagen', 'Karmann Ghia', 'manuell', 8, 2, 66092, 2, 2, 8),
('119', 'Chrysler', 'Crossfire', 'automatik', 8, 2, 38951, 2, 2, 59),
('120', 'Mini', 'Roadster', 'manuell', 8, 1, 149104, 2, 2, 22),
('121', 'BMW', '5er', 'automatik', 9, 3, 177425, 4, 5, 155),
('122', 'Mercedes-Benz', 'E-Klasse', 'automatik', 9, 1, 160616, 4, 5, 31),
('123', 'Audi', 'A6', 'automatik', 9, 3, 172718, 4, 5, 7),
('124', 'Skoda', 'Superb', 'automatik', 9, 2, 38660, 4, 5, 153),
('125', 'Volkswagen', 'Arteon', 'automatik', 9, 3, 179739, 4, 5, 45),
('126', 'Ford', 'Mondeo', 'manuell', 9, 1, 136652, 4, 5, 125),
('127', 'Hyundai', 'i40', 'automatik', 9, 3, 42337, 4, 5, 154),
('128', 'Kia', 'Optima', 'automatik', 9, 3, 13618, 4, 5, 75),
('129', 'Toyota', 'Camry', 'automatik', 9, 2, 22529, 4, 5, 91),
('130', 'Mazda', '6', 'automatik', 9, 1, 116399, 4, 5, 53),
('131', 'Renault', 'Talisman', 'automatik', 9, 3, 35964, 4, 5, 107),
('132', 'Peugeot', '508', 'automatik', 9, 1, 129499, 4, 5, 53),
('133', 'Volvo', 'S90', 'automatik', 9, 2, 149030, 4, 5, 55),
('134', 'Opel', 'Insignia', 'automatik', 9, 2, 70430, 4, 5, 81),
('135', 'Honda', 'Accord', 'automatik', 9, 3, 82228, 4, 5, 59),
('136', 'Subaru', 'Legacy', 'manuell', 9, 1, 104351, 4, 5, 92),
('137', 'Chevrolet', 'Malibu', 'automatik', 9, 2, 146534, 4, 5, 28),
('138', 'Citroën', 'C5', 'automatik', 9, 3, 18687, 4, 5, 44),
('139', 'Dacia', 'Logan', 'manuell', 9, 1, 131496, 4, 5, 16),
('140', 'Alfa Romeo', 'Giulia', 'automatik', 9, 1, 64397, 4, 5, 19),
('141', 'Hymer', 'B-Klasse ModernComfort', 'automatik', 10, 1, 120337, 3, 4, 127),
('142', 'Knaus', 'Sky TI', 'manuell', 10, 1, 88324, 3, 4, 105),
('143', 'Dethleffs', 'Trend T', 'manuell', 10, 2, 145815, 3, 4, 70),
('144', 'Carado', 'T448', 'manuell', 10, 3, 85142, 3, 4, 3),
('145', 'Weinsberg', 'CaraSuite', 'manuell', 10, 1, 152056, 3, 4, 27),
('146', 'Porsche', '911', 'automatik', 11, 2, 94781, 2, 4, 100),
('147', 'Ferrari', '488 GTB', 'automatik', 11, 2, 40049, 2, 2, 140),
('148', 'Lamborghini', 'Huracán', 'automatik', 11, 3, 169826, 2, 2, 51),
('149', 'McLaren', '570S', 'automatik', 11, 3, 96287, 2, 2, 20),
('150', 'Chevrolet', 'Corvette', 'automatik', 11, 3, 170285, 2, 2, 158),
('151', 'Audi', 'R8', 'automatik', 11, 1, 108759, 2, 2, 160),
('152', 'Nissan', 'GT-R', 'automatik', 11, 2, 69944, 2, 4, 148),
('153', 'BMW', 'M4', 'automatik', 11, 3, 59228, 2, 4, 24),
('154', 'Mercedes-Benz', 'AMG GT', 'automatik', 11, 3, 152188, 2, 2, 145),
('155', 'Jaguar', 'F-Type', 'automatik', 11, 2, 15408, 2, 2, 69),
('156', 'VW', 'Up', 'manuell', 1, 3, 79330, 3, 4, 92),
('157', 'Opel', 'Corsa', 'automatik', 1, 3, 66537, 5, 5, 23),
('158', 'Renault', 'Twingo', 'manuell', 1, 1, 28308, 3, 4, 93),
('159', 'Hyundai', 'i10', 'automatik', 1, 2, 14194, 5, 5, 41),
('160', 'Peugeot', '208', 'manuell', 1, 1, 60498, 5, 5, 114),
('161', 'Fiat', 'Panda', 'manuell', 1, 3, 36983, 5, 4, 142),
('162', 'Toyota', 'Aygo', 'automatik', 1, 1, 12936, 5, 4, 27),
('163', 'Kia', 'Picanto', 'manuell', 1, 2, 104371, 5, 5, 137),
('164', 'Seat', 'Mii', 'manuell', 1, 1, 86977, 3, 4, 17),
('165', 'Citroën', 'C1', 'automatik', 1, 1, 49399, 3, 4, 54),
('166', 'Ford', 'Ka+', 'manuell', 1, 3, 54195, 5, 5, 31),
('167', 'Chevrolet', 'Spark', 'manuell', 1, 1, 128222, 5, 4, 80),
('168', 'Skoda', 'Citigo', 'manuell', 1, 2, 133806, 3, 4, 136),
('169', 'Mitsubishi', 'Space Star', 'automatik', 1, 3, 65561, 5, 5, 17),
('170', 'Suzuki', 'Celerio', 'manuell', 1, 2, 45040, 5, 5, 46),
('171', 'Dacia', 'Sandero', 'manuell', 1, 2, 16755, 5, 5, 77),
('172', 'Nissan', 'Micra', 'automatik', 1, 2, 152582, 5, 5, 14),
('173', 'Mazda', '2', 'manuell', 1, 1, 106419, 5, 5, 164),
('174', 'Honda', 'Jazz', 'automatik', 1, 2, 151286, 5, 5, 60),
('175', 'Smart', 'Forfour', 'manuell', 1, 3, 140514, 4, 4, 34),
('176', 'VW', 'Passat Variant', 'automatik', 2, 3, 34432, 5, 5, 133),
('177', 'Ford', 'Focus Turnier', 'manuell', 2, 2, 83792, 5, 5, 84),
('178', 'Opel', 'Astra Sports Tourer', 'automatik', 2, 3, 30067, 5, 5, 103),
('179', 'Skoda', 'Octavia Combi', 'automatik', 2, 1, 118113, 5, 5, 83),
('180', 'BMW', '3er Touring', 'automatik', 2, 3, 107018, 5, 5, 25),
('181', 'Mercedes-Benz', 'C-Klasse T-Modell', 'automatik', 2, 2, 143312, 5, 5, 54),
('182', 'Audi', 'A4 Avant', 'automatik', 2, 3, 150588, 5, 5, 29),
('183', 'Peugeot', '308 SW', 'manuell', 2, 1, 142929, 5, 5, 156),
('184', 'Hyundai', 'i30 Kombi', 'manuell', 2, 1, 86968, 5, 5, 53),
('185', 'Kia', 'Ceed SW', 'automatik', 2, 1, 30030, 5, 5, 166),
('186', 'Renault', 'Mégane Grandtour', 'manuell', 2, 3, 55770, 5, 5, 156),
('187', 'Mazda', '6 Kombi', 'automatik', 2, 2, 83454, 5, 5, 93),
('188', 'Volvo', 'V60', 'automatik', 2, 1, 178903, 5, 5, 25),
('189', 'Toyota', 'Corolla Touring Sports', 'automatik', 2, 1, 22822, 5, 5, 69),
('190', 'Honda', 'Civic Tourer', 'manuell', 2, 2, 30879, 5, 5, 93),
('191', 'Dacia', 'Logan MCV', 'manuell', 2, 3, 16354, 5, 5, 116),
('192', 'Fiat', 'Tipo Kombi', 'automatik', 2, 1, 40020, 5, 5, 48),
('193', 'Subaru', 'Levorg', 'automatik', 2, 3, 63731, 5, 5, 133),
('194', 'Seat', 'Leon ST', 'automatik', 2, 2, 14489, 5, 5, 86),
('195', 'Chevrolet', 'Cruze Station Wagon', 'manuell', 2, 2, 168614, 5, 5, 111),
('196', 'VW', 'Touran', 'automatik', 3, 3, 110450, 5, 7, 64),
('197', 'Ford', 'S-Max', 'automatik', 3, 1, 62256, 5, 7, 89),
('198', 'Opel', 'Zafira', 'manuell', 3, 2, 145098, 5, 7, 125),
('199', 'Renault', 'Espace', 'automatik', 3, 1, 84810, 5, 7, 70),
('200', 'Citroën', 'Grand C4 SpaceTourer', 'automatik', 3, 3, 164407, 5, 7, 105),
('201', 'Mercedes-Benz', 'Sprinter', 'manuell', 4, 1, 121850, 4, 9, 146),
('202', 'Ford', 'Transit', 'manuell', 4, 1, 79261, 4, 9, 166),
('203', 'VW', 'Crafter', 'automatik', 4, 2, 71153, 4, 9, 166),
('204', 'Peugeot', 'Boxer', 'manuell', 4, 3, 130272, 4, 9, 59),
('205', 'Renault', 'Master', 'automatik', 4, 1, 177310, 4, 9, 100),
('206', 'VW', 'Tiguan', 'automatik', 5, 3, 128429, 5, 5, 88),
('207', 'BMW', 'X1', 'automatik', 5, 2, 141400, 5, 5, 83),
('208', 'Audi', 'Q3', 'automatik', 5, 1, 91911, 5, 5, 40),
('209', 'Mercedes-Benz', 'GLA', 'automatik', 5, 1, 104182, 5, 5, 147),
('210', 'Hyundai', 'Tucson', 'automatik', 5, 3, 171081, 5, 5, 44),
('211', 'Kia', 'Sportage', 'automatik', 5, 2, 88524, 5, 5, 86),
('212', 'Ford', 'Kuga', 'automatik', 5, 3, 15644, 5, 5, 148),
('213', 'Opel', 'Grandland', 'automatik', 5, 1, 131180, 5, 5, 62),
('214', 'Renault', 'Kadjar', 'automatik', 5, 2, 36657, 5, 5, 62),
('215', 'Peugeot', '3008', 'automatik', 5, 2, 101831, 5, 5, 110),
('216', 'Dacia', 'Duster', 'manuell', 5, 2, 139316, 5, 5, 81),
('217', 'Mazda', 'CX-5', 'automatik', 5, 2, 134457, 5, 5, 4),
('218', 'Toyota', 'RAV4', 'automatik', 5, 1, 89840, 5, 5, 85),
('219', 'Honda', 'CR-V', 'automatik', 5, 3, 51676, 5, 5, 130),
('220', 'Skoda', 'Karoq', 'automatik', 5, 1, 41325, 5, 5, 134),
('221', 'Seat', 'Ateca', 'automatik', 5, 2, 150140, 5, 5, 127),
('222', 'Nissan', 'Qashqai', 'automatik', 5, 3, 133267, 5, 5, 19),
('223', 'Subaru', 'Forester', 'automatik', 5, 1, 20756, 5, 5, 119),
('224', 'Volvo', 'XC40', 'automatik', 5, 2, 178815, 5, 5, 9),
('225', 'Chevrolet', 'Captiva', 'manuell', 5, 2, 17302, 5, 5, 120),
('226', 'Ford', 'Ranger', 'manuell', 6, 3, 141387, 4, 5, 77),
('227', 'Toyota', 'Hilux', 'automatik', 6, 3, 78586, 4, 5, 112),
('228', 'Nissan', 'Navara', 'manuell', 6, 3, 41721, 4, 5, 135),
('229', 'Mitsubishi', 'L200', 'manuell', 6, 3, 61764, 4, 5, 80),
('230', 'Isuzu', 'D-Max', 'manuell', 6, 1, 96734, 4, 5, 123),
('231', 'Volkswagen', 'Amarok', 'automatik', 6, 3, 55976, 4, 5, 11),
('232', 'Chevrolet', 'Colorado', 'automatik', 6, 1, 33438, 4, 5, 73),
('233', 'Mazda', 'BT-50', 'manuell', 6, 1, 67899, 4, 5, 120),
('234', 'Jeep', 'Gladiator', 'automatik', 6, 2, 21751, 4, 5, 84),
('235', 'Ram', '1500', 'automatik', 6, 2, 120298, 4, 5, 13),
('236', 'BMW', '2er Cabrio', 'automatik', 7, 2, 40614, 2, 4, 157),
('237', 'Audi', 'A3 Cabriolet', 'automatik', 7, 1, 36100, 2, 4, 149),
('238', 'Mercedes-Benz', 'C-Klasse Cabrio', 'automatik', 7, 3, 151652, 2, 4, 57),
('239', 'VW', 'T-Roc Cabrio', 'automatik', 7, 3, 107929, 2, 4, 60),
('240', 'Mini', 'Cabrio', 'manuell', 7, 3, 66508, 2, 4, 138),
('241', 'Mazda', 'MX-5', 'manuell', 7, 1, 71812, 2, 2, 105),
('242', 'Fiat', '124 Spider', 'manuell', 7, 2, 167827, 2, 2, 59),
('243', 'Ford', 'Mustang Cabrio', 'automatik', 7, 1, 160455, 2, 4, 136),
('244', 'Opel', 'Cascada', 'automatik', 7, 1, 71643, 2, 4, 76),
('245', 'Peugeot', '308 CC', 'manuell', 7, 2, 111641, 2, 4, 103),
('246', 'Renault', 'Mégane CC', 'manuell', 7, 1, 113017, 2, 4, 51),
('247', 'Volkswagen', 'Eos', 'automatik', 7, 2, 85131, 2, 4, 117),
('248', 'Saab', '9-3 Cabrio', 'automatik', 7, 3, 143884, 2, 4, 120),
('249', 'Chevrolet', 'Camaro Cabrio', 'automatik', 7, 3, 177123, 2, 4, 151),
('250', 'Chrysler', 'Sebring Cabrio', 'automatik', 7, 2, 150521, 2, 4, 76),
('251', 'Citroën', 'C3 Pluriel', 'manuell', 7, 2, 176607, 2, 4, 115),
('252', 'Smart', 'Fortwo Cabrio', 'automatik', 7, 3, 170692, 2, 2, 96),
('253', 'BMW', 'Z4 Cabrio', 'automatik', 7, 2, 31520, 2, 2, 3),
('254', 'Audi', 'TT Roadster', 'automatik', 7, 1, 128667, 2, 2, 31),
('255', 'Mercedes-Benz', 'SLK', 'automatik', 7, 3, 90154, 2, 2, 32),
('256', 'Mazda', 'MX-5 RF', 'manuell', 8, 2, 20465, 2, 2, 85),
('257', 'BMW', 'Z4', 'automatik', 8, 2, 107321, 2, 2, 101),
('258', 'Porsche', 'Boxster', 'automatik', 8, 3, 65152, 2, 2, 61),
('259', 'Audi', 'TT Roadster', 'automatik', 8, 2, 28072, 2, 2, 111),
('260', 'Mercedes-Benz', 'SLK', 'automatik', 8, 3, 87785, 2, 2, 12),
('261', 'Fiat', '124 Spider', 'manuell', 8, 3, 89498, 2, 2, 38),
('262', 'Honda', 'S2000', 'manuell', 8, 3, 48641, 2, 2, 148),
('263', 'MG', 'TF', 'manuell', 8, 3, 77913, 2, 2, 36),
('264', 'Toyota', 'MR2', 'manuell', 8, 2, 32272, 2, 2, 45),
('265', 'Alfa Romeo', 'Spider', 'manuell', 8, 3, 32259, 2, 2, 87),
('266', 'Lotus', 'Elise', 'manuell', 8, 1, 20776, 2, 2, 69),
('267', 'Chevrolet', 'Corvette C5', 'automatik', 8, 2, 88900, 2, 2, 156),
('268', 'Daihatsu', 'Copen', 'manuell', 8, 2, 39018, 2, 2, 105),
('269', 'Opel', 'GT', 'manuell', 8, 1, 105227, 2, 2, 107),
('270', 'Renault', 'Wind', 'manuell', 8, 1, 68113, 2, 2, 2),
('271', 'Tesla', 'Roadster', 'automatik', 8, 1, 123927, 2, 2, 132),
('272', 'Peugeot', '207 CC', 'manuell', 8, 2, 128904, 2, 2, 128),
('273', 'Volkswagen', 'Karmann Ghia', 'manuell', 8, 2, 84320, 2, 2, 18),
('274', 'Chrysler', 'Crossfire', 'automatik', 8, 3, 152129, 2, 2, 44),
('275', 'Mini', 'Roadster', 'manuell', 8, 3, 105095, 2, 2, 32),
('276', 'BMW', '5er', 'automatik', 9, 2, 22687, 4, 5, 29),
('277', 'Mercedes-Benz', 'E-Klasse', 'automatik', 9, 2, 71322, 4, 5, 93),
('278', 'Audi', 'A6', 'automatik', 9, 1, 173791, 4, 5, 152),
('279', 'Skoda', 'Superb', 'automatik', 9, 3, 33116, 4, 5, 95),
('280', 'Volkswagen', 'Arteon', 'automatik', 9, 1, 28011, 4, 5, 140),
('281', 'Ford', 'Mondeo', 'manuell', 9, 3, 60789, 4, 5, 57),
('282', 'Hyundai', 'i40', 'automatik', 9, 3, 171114, 4, 5, 60),
('283', 'Kia', 'Optima', 'automatik', 9, 2, 37907, 4, 5, 72),
('284', 'Toyota', 'Camry', 'automatik', 9, 1, 70139, 4, 5, 55),
('285', 'Mazda', '6', 'automatik', 9, 2, 136172, 4, 5, 81),
('286', 'Renault', 'Talisman', 'automatik', 9, 1, 152855, 4, 5, 17),
('287', 'Peugeot', '508', 'automatik', 9, 3, 105448, 4, 5, 158),
('288', 'Volvo', 'S90', 'automatik', 9, 1, 86176, 4, 5, 63),
('289', 'Opel', 'Insignia', 'automatik', 9, 3, 30835, 4, 5, 113),
('290', 'Honda', 'Accord', 'automatik', 9, 1, 46951, 4, 5, 24),
('291', 'Subaru', 'Legacy', 'manuell', 9, 2, 46351, 4, 5, 41),
('292', 'Chevrolet', 'Malibu', 'automatik', 9, 3, 13452, 4, 5, 113),
('293', 'Citroën', 'C5', 'automatik', 9, 2, 39798, 4, 5, 162),
('294', 'Dacia', 'Logan', 'manuell', 9, 2, 130447, 4, 5, 14),
('295', 'Alfa Romeo', 'Giulia', 'automatik', 9, 2, 31736, 4, 5, 160),
('296', 'Hymer', 'B-Klasse ModernComfort', 'automatik', 10, 1, 148067, 3, 4, 49),
('297', 'Knaus', 'Sky TI', 'manuell', 10, 3, 145489, 3, 4, 91),
('298', 'Dethleffs', 'Trend T', 'manuell', 10, 1, 122930, 3, 4, 87),
('299', 'Carado', 'T448', 'manuell', 10, 3, 62961, 3, 4, 18),
('300', 'Weinsberg', 'CaraSuite', 'manuell', 10, 1, 68350, 3, 4, 120),
('301', 'Porsche', '911', 'automatik', 11, 3, 34691, 2, 4, 5),
('302', 'Ferrari', '488 GTB', 'automatik', 11, 1, 134823, 2, 2, 50),
('303', 'Lamborghini', 'Huracán', 'automatik', 11, 1, 12457, 2, 2, 153),
('304', 'McLaren', '570S', 'automatik', 11, 1, 18271, 2, 2, 102),
('305', 'Chevrolet', 'Corvette', 'automatik', 11, 1, 114031, 2, 2, 31),
('306', 'Audi', 'R8', 'automatik', 11, 3, 176519, 2, 2, 23),
('307', 'Nissan', 'GT-R', 'automatik', 11, 3, 111509, 2, 4, 149),
('308', 'BMW', 'M4', 'automatik', 11, 3, 130617, 2, 4, 3),
('309', 'Mercedes-Benz', 'AMG GT', 'automatik', 11, 3, 59978, 2, 2, 52),
('310', 'Jaguar', 'F-Type', 'automatik', 11, 2, 175058, 2, 2, 62),
('311', 'VW', 'Up', 'manuell', 1, 3, 167014, 3, 4, 125),
('312', 'Opel', 'Corsa', 'automatik', 1, 2, 141273, 5, 5, 9),
('313', 'Renault', 'Twingo', 'manuell', 1, 3, 80948, 3, 4, 152),
('314', 'Hyundai', 'i10', 'automatik', 1, 3, 125041, 5, 5, 62),
('315', 'Peugeot', '208', 'manuell', 1, 2, 93482, 5, 5, 106),
('316', 'Fiat', 'Panda', 'manuell', 1, 1, 93427, 5, 4, 20),
('317', 'Toyota', 'Aygo', 'automatik', 1, 2, 101208, 5, 4, 164),
('318', 'Kia', 'Picanto', 'manuell', 1, 3, 171128, 5, 5, 40),
('319', 'Seat', 'Mii', 'manuell', 1, 1, 117189, 3, 4, 150),
('320', 'Citroën', 'C1', 'automatik', 1, 1, 150591, 3, 4, 12),
('321', 'Ford', 'Ka+', 'manuell', 1, 3, 103642, 5, 5, 147),
('322', 'Chevrolet', 'Spark', 'manuell', 1, 2, 149816, 5, 4, 73),
('323', 'Skoda', 'Citigo', 'manuell', 1, 3, 21570, 3, 4, 109),
('324', 'Mitsubishi', 'Space Star', 'automatik', 1, 1, 114094, 5, 5, 12),
('325', 'Suzuki', 'Celerio', 'manuell', 1, 3, 158018, 5, 5, 146),
('326', 'Dacia', 'Sandero', 'manuell', 1, 1, 81035, 5, 5, 32),
('327', 'Nissan', 'Micra', 'automatik', 1, 2, 109549, 5, 5, 17),
('328', 'Mazda', '2', 'manuell', 1, 2, 37084, 5, 5, 32),
('329', 'Honda', 'Jazz', 'automatik', 1, 2, 87500, 5, 5, 112),
('330', 'Smart', 'Forfour', 'manuell', 1, 2, 21629, 4, 4, 85),
('331', 'VW', 'Passat Variant', 'automatik', 2, 1, 135861, 5, 5, 136),
('332', 'Ford', 'Focus Turnier', 'manuell', 2, 1, 146559, 5, 5, 17),
('333', 'Opel', 'Astra Sports Tourer', 'automatik', 2, 3, 136452, 5, 5, 13),
('334', 'Skoda', 'Octavia Combi', 'automatik', 2, 2, 78063, 5, 5, 11),
('335', 'BMW', '3er Touring', 'automatik', 2, 3, 81221, 5, 5, 7),
('336', 'Mercedes-Benz', 'C-Klasse T-Modell', 'automatik', 2, 2, 156628, 5, 5, 119),
('337', 'Audi', 'A4 Avant', 'automatik', 2, 2, 87543, 5, 5, 149),
('338', 'Peugeot', '308 SW', 'manuell', 2, 1, 22925, 5, 5, 40),
('339', 'Hyundai', 'i30 Kombi', 'manuell', 2, 3, 108423, 5, 5, 3),
('340', 'Kia', 'Ceed SW', 'automatik', 2, 3, 163517, 5, 5, 103),
('341', 'Renault', 'Mégane Grandtour', 'manuell', 2, 3, 113670, 5, 5, 98),
('342', 'Mazda', '6 Kombi', 'automatik', 2, 3, 139163, 5, 5, 115),
('343', 'Volvo', 'V60', 'automatik', 2, 2, 110846, 5, 5, 124),
('344', 'Toyota', 'Corolla Touring Sports', 'automatik', 2, 2, 25988, 5, 5, 77),
('345', 'Honda', 'Civic Tourer', 'manuell', 2, 3, 35908, 5, 5, 63),
('346', 'Dacia', 'Logan MCV', 'manuell', 2, 3, 132088, 5, 5, 137),
('347', 'Fiat', 'Tipo Kombi', 'automatik', 2, 3, 112491, 5, 5, 154),
('348', 'Subaru', 'Levorg', 'automatik', 2, 2, 176210, 5, 5, 30),
('349', 'Seat', 'Leon ST', 'automatik', 2, 3, 116471, 5, 5, 9),
('350', 'Chevrolet', 'Cruze Station Wagon', 'manuell', 2, 2, 135502, 5, 5, 115),
('351', 'VW', 'Touran', 'automatik', 3, 1, 34142, 5, 7, 20),
('352', 'Ford', 'S-Max', 'automatik', 3, 2, 129831, 5, 7, 133),
('353', 'Opel', 'Zafira', 'manuell', 3, 1, 18908, 5, 7, 19),
('354', 'Renault', 'Espace', 'automatik', 3, 3, 64533, 5, 7, 54),
('355', 'Citroën', 'Grand C4 SpaceTourer', 'automatik', 3, 3, 99720, 5, 7, 60),
('356', 'Mercedes-Benz', 'Sprinter', 'manuell', 4, 2, 151806, 4, 9, 41),
('357', 'Ford', 'Transit', 'manuell', 4, 1, 119870, 4, 9, 81),
('358', 'VW', 'Crafter', 'automatik', 4, 1, 130424, 4, 9, 162),
('359', 'Peugeot', 'Boxer', 'manuell', 4, 2, 113468, 4, 9, 105),
('360', 'Renault', 'Master', 'automatik', 4, 1, 23861, 4, 9, 72),
('361', 'VW', 'Tiguan', 'automatik', 5, 3, 38878, 5, 5, 122),
('362', 'BMW', 'X1', 'automatik', 5, 1, 153000, 5, 5, 44),
('363', 'Audi', 'Q3', 'automatik', 5, 3, 170230, 5, 5, 110),
('364', 'Mercedes-Benz', 'GLA', 'automatik', 5, 2, 136744, 5, 5, 141),
('365', 'Hyundai', 'Tucson', 'automatik', 5, 1, 158708, 5, 5, 119),
('366', 'Kia', 'Sportage', 'automatik', 5, 1, 169923, 5, 5, 39),
('367', 'Ford', 'Kuga', 'automatik', 5, 3, 72070, 5, 5, 64),
('368', 'Opel', 'Grandland', 'automatik', 5, 2, 144664, 5, 5, 55),
('369', 'Renault', 'Kadjar', 'automatik', 5, 1, 67749, 5, 5, 139),
('370', 'Peugeot', '3008', 'automatik', 5, 1, 62718, 5, 5, 86),
('371', 'Dacia', 'Duster', 'manuell', 5, 2, 121462, 5, 5, 155),
('372', 'Mazda', 'CX-5', 'automatik', 5, 2, 105185, 5, 5, 10),
('373', 'Toyota', 'RAV4', 'automatik', 5, 3, 79508, 5, 5, 27),
('374', 'Honda', 'CR-V', 'automatik', 5, 2, 141215, 5, 5, 28),
('375', 'Skoda', 'Karoq', 'automatik', 5, 1, 81884, 5, 5, 46),
('376', 'Seat', 'Ateca', 'automatik', 5, 1, 118473, 5, 5, 80),
('377', 'Nissan', 'Qashqai', 'automatik', 5, 3, 176675, 5, 5, 108),
('378', 'Subaru', 'Forester', 'automatik', 5, 2, 101008, 5, 5, 11),
('379', 'Volvo', 'XC40', 'automatik', 5, 1, 119798, 5, 5, 145),
('380', 'Chevrolet', 'Captiva', 'manuell', 5, 1, 85901, 5, 5, 127),
('381', 'Ford', 'Ranger', 'manuell', 6, 3, 86040, 4, 5, 80),
('382', 'Toyota', 'Hilux', 'automatik', 6, 1, 30838, 4, 5, 149),
('383', 'Nissan', 'Navara', 'manuell', 6, 2, 76274, 4, 5, 56),
('384', 'Mitsubishi', 'L200', 'manuell', 6, 3, 89058, 4, 5, 93),
('385', 'Isuzu', 'D-Max', 'manuell', 6, 2, 34210, 4, 5, 136),
('386', 'Volkswagen', 'Amarok', 'automatik', 6, 2, 48520, 4, 5, 116),
('387', 'Chevrolet', 'Colorado', 'automatik', 6, 1, 127292, 4, 5, 102),
('388', 'Mazda', 'BT-50', 'manuell', 6, 1, 104047, 4, 5, 2),
('389', 'Jeep', 'Gladiator', 'automatik', 6, 3, 116069, 4, 5, 161),
('390', 'Ram', '1500', 'automatik', 6, 1, 92607, 4, 5, 37),
('391', 'BMW', '2er Cabrio', 'automatik', 7, 3, 44852, 2, 4, 54),
('392', 'Audi', 'A3 Cabriolet', 'automatik', 7, 1, 97325, 2, 4, 127),
('393', 'Mercedes-Benz', 'C-Klasse Cabrio', 'automatik', 7, 3, 67588, 2, 4, 153),
('394', 'VW', 'T-Roc Cabrio', 'automatik', 7, 3, 159235, 2, 4, 39),
('395', 'Mini', 'Cabrio', 'manuell', 7, 2, 24569, 2, 4, 16),
('396', 'Mazda', 'MX-5', 'manuell', 7, 2, 78299, 2, 2, 84),
('397', 'Fiat', '124 Spider', 'manuell', 7, 3, 109129, 2, 2, 91),
('398', 'Ford', 'Mustang Cabrio', 'automatik', 7, 1, 55672, 2, 4, 75),
('399', 'Opel', 'Cascada', 'automatik', 7, 2, 14537, 2, 4, 90),
('400', 'Peugeot', '308 CC', 'manuell', 7, 2, 171348, 2, 4, 153),
('401', 'Renault', 'Mégane CC', 'manuell', 7, 2, 175037, 2, 4, 52),
('402', 'Volkswagen', 'Eos', 'automatik', 7, 3, 74470, 2, 4, 138),
('403', 'Saab', '9-3 Cabrio', 'automatik', 7, 2, 153104, 2, 4, 19),
('404', 'Chevrolet', 'Camaro Cabrio', 'automatik', 7, 2, 154957, 2, 4, 113),
('405', 'Chrysler', 'Sebring Cabrio', 'automatik', 7, 2, 49706, 2, 4, 80),
('406', 'Citroën', 'C3 Pluriel', 'manuell', 7, 1, 159424, 2, 4, 102),
('407', 'Smart', 'Fortwo Cabrio', 'automatik', 7, 2, 132723, 2, 2, 26),
('408', 'BMW', 'Z4 Cabrio', 'automatik', 7, 1, 94847, 2, 2, 163),
('409', 'Audi', 'TT Roadster', 'automatik', 7, 2, 88522, 2, 2, 46),
('410', 'Mercedes-Benz', 'SLK', 'automatik', 7, 3, 92923, 2, 2, 89),
('411', 'Mazda', 'MX-5 RF', 'manuell', 8, 1, 120375, 2, 2, 71),
('412', 'BMW', 'Z4', 'automatik', 8, 2, 165551, 2, 2, 127),
('413', 'Porsche', 'Boxster', 'automatik', 8, 1, 97381, 2, 2, 82),
('414', 'Audi', 'TT Roadster', 'automatik', 8, 2, 142118, 2, 2, 47),
('415', 'Mercedes-Benz', 'SLK', 'automatik', 8, 3, 177609, 2, 2, 18),
('416', 'Fiat', '124 Spider', 'manuell', 8, 3, 163072, 2, 2, 96),
('417', 'Honda', 'S2000', 'manuell', 8, 1, 138923, 2, 2, 54),
('418', 'MG', 'TF', 'manuell', 8, 3, 161550, 2, 2, 157),
('419', 'Toyota', 'MR2', 'manuell', 8, 3, 42001, 2, 2, 33),
('420', 'Alfa Romeo', 'Spider', 'manuell', 8, 2, 155056, 2, 2, 30),
('421', 'Lotus', 'Elise', 'manuell', 8, 3, 157637, 2, 2, 121),
('422', 'Chevrolet', 'Corvette C5', 'automatik', 8, 3, 28573, 2, 2, 19),
('423', 'Daihatsu', 'Copen', 'manuell', 8, 2, 44335, 2, 2, 61),
('424', 'Opel', 'GT', 'manuell', 8, 1, 175117, 2, 2, 138),
('425', 'Renault', 'Wind', 'manuell', 8, 1, 134274, 2, 2, 40),
('426', 'Tesla', 'Roadster', 'automatik', 8, 2, 98639, 2, 2, 7),
('427', 'Peugeot', '207 CC', 'manuell', 8, 3, 68598, 2, 2, 141),
('428', 'Volkswagen', 'Karmann Ghia', 'manuell', 8, 3, 167426, 2, 2, 31),
('429', 'Chrysler', 'Crossfire', 'automatik', 8, 1, 104440, 2, 2, 58),
('430', 'Mini', 'Roadster', 'manuell', 8, 3, 106740, 2, 2, 59),
('431', 'BMW', '5er', 'automatik', 9, 2, 66600, 4, 5, 126),
('432', 'Mercedes-Benz', 'E-Klasse', 'automatik', 9, 2, 53130, 4, 5, 166),
('433', 'Audi', 'A6', 'automatik', 9, 1, 96864, 4, 5, 112),
('434', 'Skoda', 'Superb', 'automatik', 9, 3, 103414, 4, 5, 39),
('435', 'Volkswagen', 'Arteon', 'automatik', 9, 1, 36372, 4, 5, 132),
('436', 'Ford', 'Mondeo', 'manuell', 9, 3, 52556, 4, 5, 142),
('437', 'Hyundai', 'i40', 'automatik', 9, 1, 16075, 4, 5, 97),
('438', 'Kia', 'Optima', 'automatik', 9, 2, 47714, 4, 5, 40),
('439', 'Toyota', 'Camry', 'automatik', 9, 2, 93609, 4, 5, 93),
('440', 'Mazda', '6', 'automatik', 9, 1, 80466, 4, 5, 72),
('441', 'Renault', 'Talisman', 'automatik', 9, 3, 56102, 4, 5, 161),
('442', 'Peugeot', '508', 'automatik', 9, 3, 84730, 4, 5, 116),
('443', 'Volvo', 'S90', 'automatik', 9, 2, 142685, 4, 5, 132),
('444', 'Opel', 'Insignia', 'automatik', 9, 1, 122759, 4, 5, 25),
('445', 'Honda', 'Accord', 'automatik', 9, 2, 10056, 4, 5, 150),
('446', 'Subaru', 'Legacy', 'manuell', 9, 1, 173648, 4, 5, 25),
('447', 'Chevrolet', 'Malibu', 'automatik', 9, 1, 41180, 4, 5, 80),
('448', 'Citroën', 'C5', 'automatik', 9, 2, 86607, 4, 5, 20),
('449', 'Dacia', 'Logan', 'manuell', 9, 3, 155895, 4, 5, 153),
('450', 'Alfa Romeo', 'Giulia', 'automatik', 9, 2, 58450, 4, 5, 3),
('451', 'Hymer', 'B-Klasse ModernComfort', 'automatik', 10, 2, 83912, 3, 4, 147),
('452', 'Knaus', 'Sky TI', 'manuell', 10, 1, 165359, 3, 4, 66),
('453', 'Dethleffs', 'Trend T', 'manuell', 10, 2, 74307, 3, 4, 51),
('454', 'Carado', 'T448', 'manuell', 10, 1, 168066, 3, 4, 79),
('455', 'Weinsberg', 'CaraSuite', 'manuell', 10, 2, 95159, 3, 4, 106),
('456', 'Porsche', '911', 'automatik', 11, 3, 145201, 2, 4, 36),
('457', 'Ferrari', '488 GTB', 'automatik', 11, 1, 58962, 2, 2, 70),
('458', 'Lamborghini', 'Huracán', 'automatik', 11, 3, 136345, 2, 2, 4),
('459', 'McLaren', '570S', 'automatik', 11, 3, 143917, 2, 2, 95),
('460', 'Chevrolet', 'Corvette', 'automatik', 11, 2, 86253, 2, 2, 19),
('461', 'Audi', 'R8', 'automatik', 11, 3, 63232, 2, 2, 109),
('462', 'Nissan', 'GT-R', 'automatik', 11, 2, 168180, 2, 4, 111),
('463', 'BMW', 'M4', 'automatik', 11, 1, 111857, 2, 4, 87),
('464', 'Mercedes-Benz', 'AMG GT', 'automatik', 11, 3, 132610, 2, 2, 140),
('465', 'Jaguar', 'F-Type', 'automatik', 11, 1, 116082, 2, 2, 122),
('466', 'VW', 'Up', 'manuell', 1, 2, 169540, 3, 4, 99),
('467', 'Opel', 'Corsa', 'automatik', 1, 3, 128577, 5, 5, 24),
('468', 'Renault', 'Twingo', 'manuell', 1, 1, 175101, 3, 4, 1),
('469', 'Hyundai', 'i10', 'automatik', 1, 1, 66239, 5, 5, 48),
('470', 'Peugeot', '208', 'manuell', 1, 2, 55600, 5, 5, 27),
('471', 'Fiat', 'Panda', 'manuell', 1, 3, 95503, 5, 4, 112),
('472', 'Toyota', 'Aygo', 'automatik', 1, 1, 89119, 5, 4, 76),
('473', 'Kia', 'Picanto', 'manuell', 1, 1, 129008, 5, 5, 140),
('474', 'Seat', 'Mii', 'manuell', 1, 1, 48918, 3, 4, 91),
('475', 'Citroën', 'C1', 'automatik', 1, 3, 140001, 3, 4, 131),
('476', 'Ford', 'Ka+', 'manuell', 1, 3, 157625, 5, 5, 84),
('477', 'Chevrolet', 'Spark', 'manuell', 1, 1, 166247, 5, 4, 20),
('478', 'Skoda', 'Citigo', 'manuell', 1, 3, 178845, 3, 4, 14),
('479', 'Mitsubishi', 'Space Star', 'automatik', 1, 2, 20276, 5, 5, 103),
('480', 'Suzuki', 'Celerio', 'manuell', 1, 3, 76372, 5, 5, 88),
('481', 'Dacia', 'Sandero', 'manuell', 1, 2, 103350, 5, 5, 127),
('482', 'Nissan', 'Micra', 'automatik', 1, 1, 158067, 5, 5, 65),
('483', 'Mazda', '2', 'manuell', 1, 3, 94561, 5, 5, 51),
('484', 'Honda', 'Jazz', 'automatik', 1, 2, 50463, 5, 5, 134),
('485', 'Smart', 'Forfour', 'manuell', 1, 2, 155049, 4, 4, 47),
('486', 'VW', 'Passat Variant', 'automatik', 2, 1, 17719, 5, 5, 14),
('487', 'Ford', 'Focus Turnier', 'manuell', 2, 2, 131340, 5, 5, 136),
('488', 'Opel', 'Astra Sports Tourer', 'automatik', 2, 2, 109708, 5, 5, 135),
('489', 'Skoda', 'Octavia Combi', 'automatik', 2, 2, 53333, 5, 5, 127),
('490', 'BMW', '3er Touring', 'automatik', 2, 3, 97297, 5, 5, 16),
('491', 'Mercedes-Benz', 'C-Klasse T-Modell', 'automatik', 2, 1, 91910, 5, 5, 106),
('492', 'Audi', 'A4 Avant', 'automatik', 2, 3, 83885, 5, 5, 66),
('493', 'Peugeot', '308 SW', 'manuell', 2, 3, 73850, 5, 5, 20),
('494', 'Hyundai', 'i30 Kombi', 'manuell', 2, 3, 56137, 5, 5, 166),
('495', 'Kia', 'Ceed SW', 'automatik', 2, 3, 110011, 5, 5, 54),
('496', 'Renault', 'Mégane Grandtour', 'manuell', 2, 1, 120422, 5, 5, 121),
('497', 'Mazda', '6 Kombi', 'automatik', 2, 1, 25518, 5, 5, 128),
('498', 'Volvo', 'V60', 'automatik', 2, 3, 97974, 5, 5, 47),
('499', 'Toyota', 'Corolla Touring Sports', 'automatik', 2, 2, 149315, 5, 5, 145),
('500', 'Honda', 'Civic Tourer', 'manuell', 2, 3, 162775, 5, 5, 137),
('501', 'Dacia', 'Logan MCV', 'manuell', 2, 2, 131144, 5, 5, 148),
('502', 'Fiat', 'Tipo Kombi', 'automatik', 2, 1, 166242, 5, 5, 151),
('503', 'Subaru', 'Levorg', 'automatik', 2, 1, 112333, 5, 5, 127),
('504', 'Seat', 'Leon ST', 'automatik', 2, 2, 14610, 5, 5, 141),
('505', 'Chevrolet', 'Cruze Station Wagon', 'manuell', 2, 2, 122305, 5, 5, 65),
('506', 'VW', 'Touran', 'automatik', 3, 1, 111776, 5, 7, 153),
('507', 'Ford', 'S-Max', 'automatik', 3, 3, 95177, 5, 7, 71),
('508', 'Opel', 'Zafira', 'manuell', 3, 2, 136140, 5, 7, 93),
('509', 'Renault', 'Espace', 'automatik', 3, 3, 128965, 5, 7, 81),
('510', 'Citroën', 'Grand C4 SpaceTourer', 'automatik', 3, 1, 93546, 5, 7, 136),
('511', 'Mercedes-Benz', 'Sprinter', 'manuell', 4, 1, 55887, 4, 9, 46),
('512', 'Ford', 'Transit', 'manuell', 4, 3, 83477, 4, 9, 148),
('513', 'VW', 'Crafter', 'automatik', 4, 2, 13090, 4, 9, 41),
('514', 'Peugeot', 'Boxer', 'manuell', 4, 2, 132925, 4, 9, 84),
('515', 'Renault', 'Master', 'automatik', 4, 3, 52087, 4, 9, 79),
('516', 'VW', 'Tiguan', 'automatik', 5, 2, 101250, 5, 5, 41),
('517', 'BMW', 'X1', 'automatik', 5, 2, 29723, 5, 5, 47),
('518', 'Audi', 'Q3', 'automatik', 5, 3, 115447, 5, 5, 151),
('519', 'Mercedes-Benz', 'GLA', 'automatik', 5, 1, 73088, 5, 5, 113),
('520', 'Hyundai', 'Tucson', 'automatik', 5, 3, 34746, 5, 5, 30),
('521', 'Kia', 'Sportage', 'automatik', 5, 1, 105196, 5, 5, 87),
('522', 'Ford', 'Kuga', 'automatik', 5, 3, 61305, 5, 5, 160),
('523', 'Opel', 'Grandland', 'automatik', 5, 1, 42923, 5, 5, 46),
('524', 'Renault', 'Kadjar', 'automatik', 5, 2, 178169, 5, 5, 31),
('525', 'Peugeot', '3008', 'automatik', 5, 1, 61095, 5, 5, 79),
('526', 'Dacia', 'Duster', 'manuell', 5, 3, 55434, 5, 5, 116),
('527', 'Mazda', 'CX-5', 'automatik', 5, 3, 39699, 5, 5, 24),
('528', 'Toyota', 'RAV4', 'automatik', 5, 1, 67413, 5, 5, 140),
('529', 'Honda', 'CR-V', 'automatik', 5, 2, 128588, 5, 5, 160),
('530', 'Skoda', 'Karoq', 'automatik', 5, 2, 69519, 5, 5, 6),
('531', 'Seat', 'Ateca', 'automatik', 5, 2, 132728, 5, 5, 43),
('532', 'Nissan', 'Qashqai', 'automatik', 5, 2, 112851, 5, 5, 59),
('533', 'Subaru', 'Forester', 'automatik', 5, 2, 114226, 5, 5, 148),
('534', 'Volvo', 'XC40', 'automatik', 5, 1, 25626, 5, 5, 34),
('535', 'Chevrolet', 'Captiva', 'manuell', 5, 3, 24935, 5, 5, 151),
('536', 'Ford', 'Ranger', 'manuell', 6, 3, 52727, 4, 5, 84),
('537', 'Toyota', 'Hilux', 'automatik', 6, 2, 63726, 4, 5, 80),
('538', 'Nissan', 'Navara', 'manuell', 6, 3, 111806, 4, 5, 141),
('539', 'Mitsubishi', 'L200', 'manuell', 6, 3, 115325, 4, 5, 68),
('540', 'Isuzu', 'D-Max', 'manuell', 6, 2, 94824, 4, 5, 148),
('541', 'Volkswagen', 'Amarok', 'automatik', 6, 2, 139989, 4, 5, 70),
('542', 'Chevrolet', 'Colorado', 'automatik', 6, 1, 31341, 4, 5, 79),
('543', 'Mazda', 'BT-50', 'manuell', 6, 1, 70479, 4, 5, 76),
('544', 'Jeep', 'Gladiator', 'automatik', 6, 3, 98182, 4, 5, 12),
('545', 'Ram', '1500', 'automatik', 6, 2, 133127, 4, 5, 67),
('546', 'BMW', '2er Cabrio', 'automatik', 7, 2, 88572, 2, 4, 138),
('547', 'Audi', 'A3 Cabriolet', 'automatik', 7, 3, 155209, 2, 4, 166),
('548', 'Mercedes-Benz', 'C-Klasse Cabrio', 'automatik', 7, 1, 113327, 2, 4, 26),
('549', 'VW', 'T-Roc Cabrio', 'automatik', 7, 3, 48226, 2, 4, 70),
('550', 'Mini', 'Cabrio', 'manuell', 7, 2, 164790, 2, 4, 93),
('551', 'Mazda', 'MX-5', 'manuell', 7, 3, 144170, 2, 2, 119),
('552', 'Fiat', '124 Spider', 'manuell', 7, 3, 147363, 2, 2, 140),
('553', 'Ford', 'Mustang Cabrio', 'automatik', 7, 2, 148150, 2, 4, 126),
('554', 'Opel', 'Cascada', 'automatik', 7, 1, 33285, 2, 4, 74),
('555', 'Peugeot', '308 CC', 'manuell', 7, 2, 43788, 2, 4, 149),
('556', 'Renault', 'Mégane CC', 'manuell', 7, 2, 73341, 2, 4, 153),
('557', 'Volkswagen', 'Eos', 'automatik', 7, 2, 163291, 2, 4, 108),
('558', 'Saab', '9-3 Cabrio', 'automatik', 7, 3, 126825, 2, 4, 153),
('559', 'Chevrolet', 'Camaro Cabrio', 'automatik', 7, 3, 22463, 2, 4, 87),
('560', 'Chrysler', 'Sebring Cabrio', 'automatik', 7, 1, 73725, 2, 4, 141),
('561', 'Citroën', 'C3 Pluriel', 'manuell', 7, 3, 157817, 2, 4, 84),
('562', 'Smart', 'Fortwo Cabrio', 'automatik', 7, 2, 73103, 2, 2, 143),
('563', 'BMW', 'Z4 Cabrio', 'automatik', 7, 3, 78350, 2, 2, 27),
('564', 'Audi', 'TT Roadster', 'automatik', 7, 3, 23650, 2, 2, 164),
('565', 'Mercedes-Benz', 'SLK', 'automatik', 7, 3, 172842, 2, 2, 146),
('566', 'Mazda', 'MX-5 RF', 'manuell', 8, 1, 94638, 2, 2, 3),
('567', 'BMW', 'Z4', 'automatik', 8, 2, 33376, 2, 2, 95),
('568', 'Porsche', 'Boxster', 'automatik', 8, 2, 29818, 2, 2, 162),
('569', 'Audi', 'TT Roadster', 'automatik', 8, 2, 58785, 2, 2, 83),
('570', 'Mercedes-Benz', 'SLK', 'automatik', 8, 2, 86860, 2, 2, 77),
('571', 'Fiat', '124 Spider', 'manuell', 8, 2, 170432, 2, 2, 4),
('572', 'Honda', 'S2000', 'manuell', 8, 3, 176679, 2, 2, 99),
('573', 'MG', 'TF', 'manuell', 8, 1, 92184, 2, 2, 56),
('574', 'Toyota', 'MR2', 'manuell', 8, 3, 161731, 2, 2, 101),
('575', 'Alfa Romeo', 'Spider', 'manuell', 8, 1, 43165, 2, 2, 102),
('576', 'Lotus', 'Elise', 'manuell', 8, 2, 129148, 2, 2, 42),
('577', 'Chevrolet', 'Corvette C5', 'automatik', 8, 2, 71222, 2, 2, 126),
('578', 'Daihatsu', 'Copen', 'manuell', 8, 1, 127900, 2, 2, 8),
('579', 'Opel', 'GT', 'manuell', 8, 2, 51184, 2, 2, 103),
('580', 'Renault', 'Wind', 'manuell', 8, 1, 172346, 2, 2, 36),
('581', 'Tesla', 'Roadster', 'automatik', 8, 1, 169790, 2, 2, 68),
('582', 'Peugeot', '207 CC', 'manuell', 8, 2, 118574, 2, 2, 118),
('583', 'Volkswagen', 'Karmann Ghia', 'manuell', 8, 3, 100065, 2, 2, 9),
('584', 'Chrysler', 'Crossfire', 'automatik', 8, 3, 31292, 2, 2, 145),
('585', 'Mini', 'Roadster', 'manuell', 8, 2, 81839, 2, 2, 90),
('586', 'BMW', '5er', 'automatik', 9, 1, 78909, 4, 5, 128),
('587', 'Mercedes-Benz', 'E-Klasse', 'automatik', 9, 1, 131848, 4, 5, 63),
('588', 'Audi', 'A6', 'automatik', 9, 1, 78437, 4, 5, 29),
('589', 'Skoda', 'Superb', 'automatik', 9, 1, 46729, 4, 5, 37),
('590', 'Volkswagen', 'Arteon', 'automatik', 9, 2, 106263, 4, 5, 80),
('591', 'Ford', 'Mondeo', 'manuell', 9, 2, 153647, 4, 5, 28),
('592', 'Hyundai', 'i40', 'automatik', 9, 1, 63739, 4, 5, 143),
('593', 'Kia', 'Optima', 'automatik', 9, 2, 121194, 4, 5, 109),
('594', 'Toyota', 'Camry', 'automatik', 9, 2, 30912, 4, 5, 165),
('595', 'Mazda', '6', 'automatik', 9, 3, 173706, 4, 5, 121),
('596', 'Renault', 'Talisman', 'automatik', 9, 2, 26797, 4, 5, 82),
('597', 'Peugeot', '508', 'automatik', 9, 1, 166377, 4, 5, 15),
('598', 'Volvo', 'S90', 'automatik', 9, 3, 177344, 4, 5, 73),
('599', 'Opel', 'Insignia', 'automatik', 9, 1, 127004, 4, 5, 158),
('600', 'Honda', 'Accord', 'automatik', 9, 1, 39608, 4, 5, 15),
('601', 'Subaru', 'Legacy', 'manuell', 9, 1, 177538, 4, 5, 31),
('602', 'Chevrolet', 'Malibu', 'automatik', 9, 3, 33342, 4, 5, 64),
('603', 'Citroën', 'C5', 'automatik', 9, 3, 65858, 4, 5, 71),
('604', 'Dacia', 'Logan', 'manuell', 9, 1, 66981, 4, 5, 10),
('605', 'Alfa Romeo', 'Giulia', 'automatik', 9, 3, 81675, 4, 5, 26),
('606', 'Hymer', 'B-Klasse ModernComfort', 'automatik', 10, 1, 76028, 3, 4, 155),
('607', 'Knaus', 'Sky TI', 'manuell', 10, 2, 23970, 3, 4, 139),
('608', 'Dethleffs', 'Trend T', 'manuell', 10, 2, 92428, 3, 4, 80),
('609', 'Carado', 'T448', 'manuell', 10, 2, 134112, 3, 4, 70),
('610', 'Weinsberg', 'CaraSuite', 'manuell', 10, 1, 73147, 3, 4, 18),
('611', 'Porsche', '911', 'automatik', 11, 3, 41695, 2, 4, 6),
('612', 'Ferrari', '488 GTB', 'automatik', 11, 1, 129489, 2, 2, 21),
('613', 'Lamborghini', 'Huracán', 'automatik', 11, 2, 111425, 2, 2, 37),
('614', 'McLaren', '570S', 'automatik', 11, 2, 121792, 2, 2, 128),
('615', 'Chevrolet', 'Corvette', 'automatik', 11, 2, 36037, 2, 2, 49),
('616', 'Audi', 'R8', 'automatik', 11, 1, 38675, 2, 2, 107),
('617', 'Nissan', 'GT-R', 'automatik', 11, 2, 118531, 2, 4, 10),
('618', 'BMW', 'M4', 'automatik', 11, 3, 87524, 2, 4, 53),
('619', 'Mercedes-Benz', 'AMG GT', 'automatik', 11, 3, 89631, 2, 2, 159),
('620', 'Jaguar', 'F-Type', 'automatik', 11, 2, 108677, 2, 2, 121),
('621', 'VW', 'Up', 'manuell', 1, 1, 124974, 3, 4, 110),
('622', 'Opel', 'Corsa', 'automatik', 1, 3, 109890, 5, 5, 151),
('623', 'Renault', 'Twingo', 'manuell', 1, 1, 58973, 3, 4, 112),
('624', 'Hyundai', 'i10', 'automatik', 1, 3, 128116, 5, 5, 103),
('625', 'Peugeot', '208', 'manuell', 1, 2, 136876, 5, 5, 81),
('626', 'Fiat', 'Panda', 'manuell', 1, 3, 161273, 5, 4, 92),
('627', 'Toyota', 'Aygo', 'automatik', 1, 2, 88013, 5, 4, 79),
('628', 'Kia', 'Picanto', 'manuell', 1, 2, 104096, 5, 5, 5),
('629', 'Seat', 'Mii', 'manuell', 1, 3, 53039, 3, 4, 70),
('630', 'Citroën', 'C1', 'automatik', 1, 1, 51251, 3, 4, 29),
('631', 'Ford', 'Ka+', 'manuell', 1, 3, 142363, 5, 5, 16),
('632', 'Chevrolet', 'Spark', 'manuell', 1, 1, 117397, 5, 4, 111),
('633', 'Skoda', 'Citigo', 'manuell', 1, 1, 156532, 3, 4, 86),
('634', 'Mitsubishi', 'Space Star', 'automatik', 1, 1, 63207, 5, 5, 149),
('635', 'Suzuki', 'Celerio', 'manuell', 1, 3, 67967, 5, 5, 98),
('636', 'Dacia', 'Sandero', 'manuell', 1, 1, 89217, 5, 5, 116),
('637', 'Nissan', 'Micra', 'automatik', 1, 3, 18602, 5, 5, 24),
('638', 'Mazda', '2', 'manuell', 1, 3, 62155, 5, 5, 113),
('639', 'Honda', 'Jazz', 'automatik', 1, 1, 80908, 5, 5, 28),
('640', 'Smart', 'Forfour', 'manuell', 1, 1, 140213, 4, 4, 157),
('641', 'VW', 'Passat Variant', 'automatik', 2, 1, 19913, 5, 5, 24),
('642', 'Ford', 'Focus Turnier', 'manuell', 2, 2, 150957, 5, 5, 102),
('643', 'Opel', 'Astra Sports Tourer', 'automatik', 2, 1, 143784, 5, 5, 98),
('644', 'Skoda', 'Octavia Combi', 'automatik', 2, 3, 109869, 5, 5, 142),
('645', 'BMW', '3er Touring', 'automatik', 2, 2, 100698, 5, 5, 14),
('646', 'Mercedes-Benz', 'C-Klasse T-Modell', 'automatik', 2, 1, 50518, 5, 5, 94),
('647', 'Audi', 'A4 Avant', 'automatik', 2, 1, 159774, 5, 5, 148),
('648', 'Peugeot', '308 SW', 'manuell', 2, 1, 176262, 5, 5, 56),
('649', 'Hyundai', 'i30 Kombi', 'manuell', 2, 3, 12422, 5, 5, 5),
('650', 'Kia', 'Ceed SW', 'automatik', 2, 3, 135631, 5, 5, 9),
('651', 'Renault', 'Mégane Grandtour', 'manuell', 2, 2, 40201, 5, 5, 64),
('652', 'Mazda', '6 Kombi', 'automatik', 2, 3, 111083, 5, 5, 100),
('653', 'Volvo', 'V60', 'automatik', 2, 3, 62223, 5, 5, 156),
('654', 'Toyota', 'Corolla Touring Sports', 'automatik', 2, 2, 163065, 5, 5, 140),
('655', 'Honda', 'Civic Tourer', 'manuell', 2, 1, 156323, 5, 5, 20),
('656', 'Dacia', 'Logan MCV', 'manuell', 2, 1, 131747, 5, 5, 100),
('657', 'Fiat', 'Tipo Kombi', 'automatik', 2, 1, 29859, 5, 5, 107),
('658', 'Subaru', 'Levorg', 'automatik', 2, 3, 117613, 5, 5, 55),
('659', 'Seat', 'Leon ST', 'automatik', 2, 1, 30133, 5, 5, 110),
('660', 'Chevrolet', 'Cruze Station Wagon', 'manuell', 2, 1, 117874, 5, 5, 107),
('661', 'VW', 'Touran', 'automatik', 3, 1, 132308, 5, 7, 49),
('662', 'Ford', 'S-Max', 'automatik', 3, 3, 113198, 5, 7, 88),
('663', 'Opel', 'Zafira', 'manuell', 3, 1, 164344, 5, 7, 127),
('664', 'Renault', 'Espace', 'automatik', 3, 3, 87565, 5, 7, 16),
('665', 'Citroën', 'Grand C4 SpaceTourer', 'automatik', 3, 1, 16991, 5, 7, 158),
('666', 'Mercedes-Benz', 'Sprinter', 'manuell', 4, 2, 37851, 4, 9, 161),
('667', 'Ford', 'Transit', 'manuell', 4, 2, 68635, 4, 9, 118),
('668', 'VW', 'Crafter', 'automatik', 4, 2, 33947, 4, 9, 105),
('669', 'Peugeot', 'Boxer', 'manuell', 4, 1, 11233, 4, 9, 152),
('670', 'Renault', 'Master', 'automatik', 4, 3, 97743, 4, 9, 66),
('671', 'VW', 'Tiguan', 'automatik', 5, 1, 61664, 5, 5, 139),
('672', 'BMW', 'X1', 'automatik', 5, 3, 139690, 5, 5, 48),
('673', 'Audi', 'Q3', 'automatik', 5, 1, 84096, 5, 5, 131),
('674', 'Mercedes-Benz', 'GLA', 'automatik', 5, 2, 172228, 5, 5, 20),
('675', 'Hyundai', 'Tucson', 'automatik', 5, 1, 107827, 5, 5, 93),
('676', 'Kia', 'Sportage', 'automatik', 5, 2, 122139, 5, 5, 58),
('677', 'Ford', 'Kuga', 'automatik', 5, 1, 56474, 5, 5, 94),
('678', 'Opel', 'Grandland', 'automatik', 5, 3, 34150, 5, 5, 159),
('679', 'Renault', 'Kadjar', 'automatik', 5, 1, 60240, 5, 5, 43),
('680', 'Peugeot', '3008', 'automatik', 5, 1, 39140, 5, 5, 123),
('681', 'Dacia', 'Duster', 'manuell', 5, 1, 114671, 5, 5, 52),
('682', 'Mazda', 'CX-5', 'automatik', 5, 2, 150660, 5, 5, 116),
('683', 'Toyota', 'RAV4', 'automatik', 5, 2, 86587, 5, 5, 143),
('684', 'Honda', 'CR-V', 'automatik', 5, 2, 120587, 5, 5, 9),
('685', 'Skoda', 'Karoq', 'automatik', 5, 1, 77765, 5, 5, 88),
('686', 'Seat', 'Ateca', 'automatik', 5, 1, 114886, 5, 5, 6),
('687', 'Nissan', 'Qashqai', 'automatik', 5, 1, 52960, 5, 5, 82),
('688', 'Subaru', 'Forester', 'automatik', 5, 3, 42777, 5, 5, 88),
('689', 'Volvo', 'XC40', 'automatik', 5, 3, 93641, 5, 5, 50),
('690', 'Chevrolet', 'Captiva', 'manuell', 5, 2, 12898, 5, 5, 31),
('691', 'Ford', 'Ranger', 'manuell', 6, 2, 104682, 4, 5, 3),
('692', 'Toyota', 'Hilux', 'automatik', 6, 3, 51318, 4, 5, 22),
('693', 'Nissan', 'Navara', 'manuell', 6, 3, 15720, 4, 5, 52),
('694', 'Mitsubishi', 'L200', 'manuell', 6, 2, 172948, 4, 5, 25),
('695', 'Isuzu', 'D-Max', 'manuell', 6, 3, 139224, 4, 5, 136),
('696', 'Volkswagen', 'Amarok', 'automatik', 6, 2, 27508, 4, 5, 132),
('697', 'Chevrolet', 'Colorado', 'automatik', 6, 1, 100946, 4, 5, 8),
('698', 'Mazda', 'BT-50', 'manuell', 6, 1, 94262, 4, 5, 123),
('699', 'Jeep', 'Gladiator', 'automatik', 6, 1, 129056, 4, 5, 43),
('700', 'Ram', '1500', 'automatik', 6, 2, 35035, 4, 5, 12),
('701', 'BMW', '2er Cabrio', 'automatik', 7, 2, 102016, 2, 4, 104),
('702', 'Audi', 'A3 Cabriolet', 'automatik', 7, 2, 95398, 2, 4, 51),
('703', 'Mercedes-Benz', 'C-Klasse Cabrio', 'automatik', 7, 1, 11093, 2, 4, 91),
('704', 'VW', 'T-Roc Cabrio', 'automatik', 7, 2, 75331, 2, 4, 60),
('705', 'Mini', 'Cabrio', 'manuell', 7, 1, 35732, 2, 4, 40),
('706', 'Mazda', 'MX-5', 'manuell', 7, 1, 10329, 2, 2, 105),
('707', 'Fiat', '124 Spider', 'manuell', 7, 3, 120902, 2, 2, 150),
('708', 'Ford', 'Mustang Cabrio', 'automatik', 7, 1, 156819, 2, 4, 115),
('709', 'Opel', 'Cascada', 'automatik', 7, 1, 128584, 2, 4, 156),
('710', 'Peugeot', '308 CC', 'manuell', 7, 1, 78582, 2, 4, 10),
('711', 'Renault', 'Mégane CC', 'manuell', 7, 1, 49618, 2, 4, 151),
('712', 'Volkswagen', 'Eos', 'automatik', 7, 1, 65504, 2, 4, 59),
('713', 'Saab', '9-3 Cabrio', 'automatik', 7, 3, 29767, 2, 4, 53),
('714', 'Chevrolet', 'Camaro Cabrio', 'automatik', 7, 3, 57661, 2, 4, 78),
('715', 'Chrysler', 'Sebring Cabrio', 'automatik', 7, 1, 36324, 2, 4, 107),
('716', 'Citroën', 'C3 Pluriel', 'manuell', 7, 2, 73941, 2, 4, 2),
('717', 'Smart', 'Fortwo Cabrio', 'automatik', 7, 3, 142682, 2, 2, 83),
('718', 'BMW', 'Z4 Cabrio', 'automatik', 7, 2, 151494, 2, 2, 143),
('719', 'Audi', 'TT Roadster', 'automatik', 7, 1, 86288, 2, 2, 70),
('720', 'Mercedes-Benz', 'SLK', 'automatik', 7, 2, 163853, 2, 2, 159),
('721', 'Mazda', 'MX-5 RF', 'manuell', 8, 1, 76503, 2, 2, 63),
('722', 'BMW', 'Z4', 'automatik', 8, 2, 101372, 2, 2, 98),
('723', 'Porsche', 'Boxster', 'automatik', 8, 2, 155090, 2, 2, 81),
('724', 'Audi', 'TT Roadster', 'automatik', 8, 2, 110482, 2, 2, 102),
('725', 'Mercedes-Benz', 'SLK', 'automatik', 8, 1, 104517, 2, 2, 9),
('726', 'Fiat', '124 Spider', 'manuell', 8, 1, 98067, 2, 2, 124),
('727', 'Honda', 'S2000', 'manuell', 8, 2, 150785, 2, 2, 141),
('728', 'MG', 'TF', 'manuell', 8, 2, 177955, 2, 2, 63),
('729', 'Toyota', 'MR2', 'manuell', 8, 2, 153192, 2, 2, 48),
('730', 'Alfa Romeo', 'Spider', 'manuell', 8, 2, 71102, 2, 2, 36),
('731', 'Lotus', 'Elise', 'manuell', 8, 2, 122068, 2, 2, 28),
('732', 'Chevrolet', 'Corvette C5', 'automatik', 8, 1, 60796, 2, 2, 50),
('733', 'Daihatsu', 'Copen', 'manuell', 8, 2, 91366, 2, 2, 117),
('734', 'Opel', 'GT', 'manuell', 8, 3, 170048, 2, 2, 152),
('735', 'Renault', 'Wind', 'manuell', 8, 2, 131141, 2, 2, 84),
('736', 'Tesla', 'Roadster', 'automatik', 8, 3, 37878, 2, 2, 127),
('737', 'Peugeot', '207 CC', 'manuell', 8, 2, 89354, 2, 2, 12),
('738', 'Volkswagen', 'Karmann Ghia', 'manuell', 8, 1, 133531, 2, 2, 51),
('739', 'Chrysler', 'Crossfire', 'automatik', 8, 3, 96370, 2, 2, 105),
('740', 'Mini', 'Roadster', 'manuell', 8, 3, 14413, 2, 2, 148),
('741', 'BMW', '5er', 'automatik', 9, 3, 52896, 4, 5, 133),
('742', 'Mercedes-Benz', 'E-Klasse', 'automatik', 9, 1, 112163, 4, 5, 15),
('743', 'Audi', 'A6', 'automatik', 9, 3, 38204, 4, 5, 98),
('744', 'Skoda', 'Superb', 'automatik', 9, 2, 56443, 4, 5, 17),
('745', 'Volkswagen', 'Arteon', 'automatik', 9, 3, 172120, 4, 5, 47),
('746', 'Ford', 'Mondeo', 'manuell', 9, 2, 45894, 4, 5, 30),
('747', 'Hyundai', 'i40', 'automatik', 9, 1, 99735, 4, 5, 59),
('748', 'Kia', 'Optima', 'automatik', 9, 2, 16002, 4, 5, 126),
('749', 'Toyota', 'Camry', 'automatik', 9, 2, 65708, 4, 5, 137),
('750', 'Mazda', '6', 'automatik', 9, 1, 149977, 4, 5, 119),
('751', 'Renault', 'Talisman', 'automatik', 9, 3, 160400, 4, 5, 99),
('752', 'Peugeot', '508', 'automatik', 9, 2, 154383, 4, 5, 138),
('753', 'Volvo', 'S90', 'automatik', 9, 1, 25775, 4, 5, 55),
('754', 'Opel', 'Insignia', 'automatik', 9, 2, 124566, 4, 5, 24),
('755', 'Honda', 'Accord', 'automatik', 9, 1, 130629, 4, 5, 82),
('756', 'Subaru', 'Legacy', 'manuell', 9, 2, 67911, 4, 5, 82),
('757', 'Chevrolet', 'Malibu', 'automatik', 9, 2, 66471, 4, 5, 85),
('758', 'Citroën', 'C5', 'automatik', 9, 1, 109060, 4, 5, 33),
('759', 'Dacia', 'Logan', 'manuell', 9, 1, 74255, 4, 5, 111),
('760', 'Alfa Romeo', 'Giulia', 'automatik', 9, 3, 32173, 4, 5, 114),
('761', 'Hymer', 'B-Klasse ModernComfort', 'automatik', 10, 3, 133293, 3, 4, 14),
('762', 'Knaus', 'Sky TI', 'manuell', 10, 3, 11992, 3, 4, 71),
('763', 'Dethleffs', 'Trend T', 'manuell', 10, 2, 43302, 3, 4, 135),
('764', 'Carado', 'T448', 'manuell', 10, 1, 18706, 3, 4, 10),
('765', 'Weinsberg', 'CaraSuite', 'manuell', 10, 3, 156415, 3, 4, 78),
('766', 'Porsche', '911', 'automatik', 11, 1, 46938, 2, 4, 165),
('767', 'Ferrari', '488 GTB', 'automatik', 11, 3, 161415, 2, 2, 19),
('768', 'Lamborghini', 'Huracán', 'automatik', 11, 3, 91578, 2, 2, 149),
('769', 'McLaren', '570S', 'automatik', 11, 3, 31868, 2, 2, 6),
('770', 'Chevrolet', 'Corvette', 'automatik', 11, 3, 66629, 2, 2, 43),
('771', 'Audi', 'R8', 'automatik', 11, 1, 138787, 2, 2, 2),
('772', 'Nissan', 'GT-R', 'automatik', 11, 1, 35615, 2, 4, 74),
('773', 'BMW', 'M4', 'automatik', 11, 3, 159148, 2, 4, 34),
('774', 'Mercedes-Benz', 'AMG GT', 'automatik', 11, 1, 120013, 2, 2, 28),
('775', 'Jaguar', 'F-Type', 'automatik', 11, 3, 32872, 2, 2, 93),
('776', 'VW', 'Up', 'manuell', 1, 1, 174574, 3, 4, 43),
('777', 'Opel', 'Corsa', 'automatik', 1, 1, 30078, 5, 5, 106),
('778', 'Renault', 'Twingo', 'manuell', 1, 1, 162837, 3, 4, 96),
('779', 'Hyundai', 'i10', 'automatik', 1, 2, 115505, 5, 5, 134),
('780', 'Peugeot', '208', 'manuell', 1, 3, 37587, 5, 5, 11),
('781', 'Fiat', 'Panda', 'manuell', 1, 3, 56545, 5, 4, 67),
('782', 'Toyota', 'Aygo', 'automatik', 1, 2, 59793, 5, 4, 64),
('783', 'Kia', 'Picanto', 'manuell', 1, 3, 29959, 5, 5, 53),
('784', 'Seat', 'Mii', 'manuell', 1, 1, 21733, 3, 4, 2),
('785', 'Citroën', 'C1', 'automatik', 1, 1, 176898, 3, 4, 129),
('786', 'Ford', 'Ka+', 'manuell', 1, 2, 89980, 5, 5, 152),
('787', 'Chevrolet', 'Spark', 'manuell', 1, 1, 154473, 5, 4, 120),
('788', 'Skoda', 'Citigo', 'manuell', 1, 3, 66873, 3, 4, 143),
('789', 'Mitsubishi', 'Space Star', 'automatik', 1, 2, 125054, 5, 5, 98),
('790', 'Suzuki', 'Celerio', 'manuell', 1, 3, 169650, 5, 5, 118),
('791', 'Dacia', 'Sandero', 'manuell', 1, 2, 107299, 5, 5, 84),
('792', 'Nissan', 'Micra', 'automatik', 1, 1, 85008, 5, 5, 8),
('793', 'Mazda', '2', 'manuell', 1, 1, 160806, 5, 5, 25),
('794', 'Honda', 'Jazz', 'automatik', 1, 3, 140682, 5, 5, 75),
('795', 'Smart', 'Forfour', 'manuell', 1, 3, 65693, 4, 4, 65),
('796', 'VW', 'Passat Variant', 'automatik', 2, 3, 165172, 5, 5, 116),
('797', 'Ford', 'Focus Turnier', 'manuell', 2, 3, 45092, 5, 5, 3),
('798', 'Opel', 'Astra Sports Tourer', 'automatik', 2, 3, 103100, 5, 5, 43),
('799', 'Skoda', 'Octavia Combi', 'automatik', 2, 1, 35367, 5, 5, 11),
('800', 'BMW', '3er Touring', 'automatik', 2, 2, 151541, 5, 5, 68),
('801', 'Mercedes-Benz', 'C-Klasse T-Modell', 'automatik', 2, 2, 93942, 5, 5, 108),
('802', 'Audi', 'A4 Avant', 'automatik', 2, 1, 120776, 5, 5, 32),
('803', 'Peugeot', '308 SW', 'manuell', 2, 2, 171405, 5, 5, 102),
('804', 'Hyundai', 'i30 Kombi', 'manuell', 2, 2, 165382, 5, 5, 18),
('805', 'Kia', 'Ceed SW', 'automatik', 2, 3, 107427, 5, 5, 64),
('806', 'Renault', 'Mégane Grandtour', 'manuell', 2, 2, 77777, 5, 5, 78),
('807', 'Mazda', '6 Kombi', 'automatik', 2, 2, 151215, 5, 5, 165),
('808', 'Volvo', 'V60', 'automatik', 2, 1, 59227, 5, 5, 57),
('809', 'Toyota', 'Corolla Touring Sports', 'automatik', 2, 2, 51654, 5, 5, 65),
('810', 'Honda', 'Civic Tourer', 'manuell', 2, 2, 76950, 5, 5, 80),
('811', 'Dacia', 'Logan MCV', 'manuell', 2, 3, 40026, 5, 5, 16),
('812', 'Fiat', 'Tipo Kombi', 'automatik', 2, 1, 17657, 5, 5, 113),
('813', 'Subaru', 'Levorg', 'automatik', 2, 3, 49150, 5, 5, 57),
('814', 'Seat', 'Leon ST', 'automatik', 2, 3, 83870, 5, 5, 40),
('815', 'Chevrolet', 'Cruze Station Wagon', 'manuell', 2, 2, 81532, 5, 5, 24),
('816', 'VW', 'Touran', 'automatik', 3, 3, 177835, 5, 7, 68),
('817', 'Ford', 'S-Max', 'automatik', 3, 2, 48528, 5, 7, 154),
('818', 'Opel', 'Zafira', 'manuell', 3, 3, 107749, 5, 7, 56),
('819', 'Renault', 'Espace', 'automatik', 3, 2, 161725, 5, 7, 161),
('820', 'Citroën', 'Grand C4 SpaceTourer', 'automatik', 3, 2, 54643, 5, 7, 13),
('821', 'Mercedes-Benz', 'Sprinter', 'manuell', 4, 3, 25205, 4, 9, 94),
('822', 'Ford', 'Transit', 'manuell', 4, 1, 73127, 4, 9, 88),
('823', 'VW', 'Crafter', 'automatik', 4, 2, 97429, 4, 9, 134),
('824', 'Peugeot', 'Boxer', 'manuell', 4, 2, 135320, 4, 9, 136),
('825', 'Renault', 'Master', 'automatik', 4, 1, 138170, 4, 9, 148),
('826', 'VW', 'Tiguan', 'automatik', 5, 1, 179874, 5, 5, 39),
('827', 'BMW', 'X1', 'automatik', 5, 3, 179985, 5, 5, 33),
('828', 'Audi', 'Q3', 'automatik', 5, 3, 176705, 5, 5, 144),
('829', 'Mercedes-Benz', 'GLA', 'automatik', 5, 1, 45748, 5, 5, 36),
('830', 'Hyundai', 'Tucson', 'automatik', 5, 3, 113099, 5, 5, 50),
('831', 'Kia', 'Sportage', 'automatik', 5, 3, 122001, 5, 5, 7),
('832', 'Ford', 'Kuga', 'automatik', 5, 2, 64853, 5, 5, 159),
('833', 'Opel', 'Grandland', 'automatik', 5, 3, 160123, 5, 5, 77),
('834', 'Renault', 'Kadjar', 'automatik', 5, 3, 116983, 5, 5, 154),
('835', 'Peugeot', '3008', 'automatik', 5, 2, 37819, 5, 5, 72),
('836', 'Dacia', 'Duster', 'manuell', 5, 2, 105314, 5, 5, 13),
('837', 'Mazda', 'CX-5', 'automatik', 5, 2, 20483, 5, 5, 45),
('838', 'Toyota', 'RAV4', 'automatik', 5, 3, 134998, 5, 5, 130),
('839', 'Honda', 'CR-V', 'automatik', 5, 3, 164422, 5, 5, 114),
('840', 'Skoda', 'Karoq', 'automatik', 5, 1, 110703, 5, 5, 66),
('841', 'Seat', 'Ateca', 'automatik', 5, 3, 23947, 5, 5, 53),
('842', 'Nissan', 'Qashqai', 'automatik', 5, 3, 146637, 5, 5, 44),
('843', 'Subaru', 'Forester', 'automatik', 5, 3, 87062, 5, 5, 87),
('844', 'Volvo', 'XC40', 'automatik', 5, 2, 125160, 5, 5, 74),
('845', 'Chevrolet', 'Captiva', 'manuell', 5, 1, 169406, 5, 5, 124),
('846', 'Ford', 'Ranger', 'manuell', 6, 3, 50681, 4, 5, 64),
('847', 'Toyota', 'Hilux', 'automatik', 6, 3, 72473, 4, 5, 69),
('848', 'Nissan', 'Navara', 'manuell', 6, 1, 94745, 4, 5, 22),
('849', 'Mitsubishi', 'L200', 'manuell', 6, 2, 40121, 4, 5, 74),
('850', 'Isuzu', 'D-Max', 'manuell', 6, 2, 104251, 4, 5, 153),
('851', 'Volkswagen', 'Amarok', 'automatik', 6, 2, 145683, 4, 5, 116),
('852', 'Chevrolet', 'Colorado', 'automatik', 6, 3, 56814, 4, 5, 163),
('853', 'Mazda', 'BT-50', 'manuell', 6, 2, 37264, 4, 5, 140),
('854', 'Jeep', 'Gladiator', 'automatik', 6, 3, 110121, 4, 5, 88),
('855', 'Ram', '1500', 'automatik', 6, 3, 108718, 4, 5, 71),
('856', 'BMW', '2er Cabrio', 'automatik', 7, 3, 81161, 2, 4, 124),
('857', 'Audi', 'A3 Cabriolet', 'automatik', 7, 2, 54307, 2, 4, 119),
('858', 'Mercedes-Benz', 'C-Klasse Cabrio', 'automatik', 7, 1, 94350, 2, 4, 1),
('859', 'VW', 'T-Roc Cabrio', 'automatik', 7, 1, 44585, 2, 4, 150),
('860', 'Mini', 'Cabrio', 'manuell', 7, 3, 127729, 2, 4, 30),
('861', 'Mazda', 'MX-5', 'manuell', 7, 3, 90907, 2, 2, 89),
('862', 'Fiat', '124 Spider', 'manuell', 7, 3, 55679, 2, 2, 115),
('863', 'Ford', 'Mustang Cabrio', 'automatik', 7, 1, 130628, 2, 4, 113),
('864', 'Opel', 'Cascada', 'automatik', 7, 3, 68151, 2, 4, 26),
('865', 'Peugeot', '308 CC', 'manuell', 7, 2, 159919, 2, 4, 157),
('866', 'Renault', 'Mégane CC', 'manuell', 7, 2, 126524, 2, 4, 103),
('867', 'Volkswagen', 'Eos', 'automatik', 7, 2, 33557, 2, 4, 25),
('868', 'Saab', '9-3 Cabrio', 'automatik', 7, 1, 130662, 2, 4, 151),
('869', 'Chevrolet', 'Camaro Cabrio', 'automatik', 7, 3, 66581, 2, 4, 77),
('870', 'Chrysler', 'Sebring Cabrio', 'automatik', 7, 3, 125099, 2, 4, 85),
('871', 'Citroën', 'C3 Pluriel', 'manuell', 7, 3, 31826, 2, 4, 134),
('872', 'Smart', 'Fortwo Cabrio', 'automatik', 7, 3, 77706, 2, 2, 43),
('873', 'BMW', 'Z4 Cabrio', 'automatik', 7, 1, 61460, 2, 2, 147),
('874', 'Audi', 'TT Roadster', 'automatik', 7, 3, 12956, 2, 2, 136),
('875', 'Mercedes-Benz', 'SLK', 'automatik', 7, 3, 177274, 2, 2, 52),
('876', 'Mazda', 'MX-5 RF', 'manuell', 8, 3, 52392, 2, 2, 117),
('877', 'BMW', 'Z4', 'automatik', 8, 2, 163043, 2, 2, 9),
('878', 'Porsche', 'Boxster', 'automatik', 8, 2, 145968, 2, 2, 131),
('879', 'Audi', 'TT Roadster', 'automatik', 8, 3, 161965, 2, 2, 90),
('880', 'Mercedes-Benz', 'SLK', 'automatik', 8, 1, 125892, 2, 2, 81),
('881', 'Fiat', '124 Spider', 'manuell', 8, 1, 144847, 2, 2, 95),
('882', 'Honda', 'S2000', 'manuell', 8, 3, 116162, 2, 2, 154),
('883', 'MG', 'TF', 'manuell', 8, 3, 114078, 2, 2, 38),
('884', 'Toyota', 'MR2', 'manuell', 8, 2, 179356, 2, 2, 10),
('885', 'Alfa Romeo', 'Spider', 'manuell', 8, 3, 138688, 2, 2, 38),
('886', 'Lotus', 'Elise', 'manuell', 8, 3, 60940, 2, 2, 55),
('887', 'Chevrolet', 'Corvette C5', 'automatik', 8, 2, 143349, 2, 2, 142),
('888', 'Daihatsu', 'Copen', 'manuell', 8, 3, 168494, 2, 2, 37),
('889', 'Opel', 'GT', 'manuell', 8, 3, 145621, 2, 2, 5),
('890', 'Renault', 'Wind', 'manuell', 8, 3, 72553, 2, 2, 85),
('891', 'Tesla', 'Roadster', 'automatik', 8, 3, 124389, 2, 2, 156),
('892', 'Peugeot', '207 CC', 'manuell', 8, 2, 161721, 2, 2, 25),
('893', 'Volkswagen', 'Karmann Ghia', 'manuell', 8, 1, 91368, 2, 2, 19),
('894', 'Chrysler', 'Crossfire', 'automatik', 8, 2, 144740, 2, 2, 115),
('895', 'Mini', 'Roadster', 'manuell', 8, 2, 138940, 2, 2, 5),
('896', 'BMW', '5er', 'automatik', 9, 2, 137904, 4, 5, 63),
('897', 'Mercedes-Benz', 'E-Klasse', 'automatik', 9, 2, 71532, 4, 5, 114),
('898', 'Audi', 'A6', 'automatik', 9, 1, 176504, 4, 5, 70),
('899', 'Skoda', 'Superb', 'automatik', 9, 3, 132354, 4, 5, 155),
('900', 'Volkswagen', 'Arteon', 'automatik', 9, 3, 127396, 4, 5, 143),
('901', 'Ford', 'Mondeo', 'manuell', 9, 3, 74054, 4, 5, 156),
('902', 'Hyundai', 'i40', 'automatik', 9, 3, 11062, 4, 5, 9),
('903', 'Kia', 'Optima', 'automatik', 9, 1, 151057, 4, 5, 124),
('904', 'Toyota', 'Camry', 'automatik', 9, 2, 95939, 4, 5, 37),
('905', 'Mazda', '6', 'automatik', 9, 1, 56442, 4, 5, 10),
('906', 'Renault', 'Talisman', 'automatik', 9, 2, 114073, 4, 5, 129),
('907', 'Peugeot', '508', 'automatik', 9, 1, 65400, 4, 5, 101),
('908', 'Volvo', 'S90', 'automatik', 9, 3, 137976, 4, 5, 106),
('909', 'Opel', 'Insignia', 'automatik', 9, 1, 154292, 4, 5, 79),
('910', 'Honda', 'Accord', 'automatik', 9, 2, 103238, 4, 5, 153),
('911', 'Subaru', 'Legacy', 'manuell', 9, 1, 40653, 4, 5, 120),
('912', 'Chevrolet', 'Malibu', 'automatik', 9, 3, 21026, 4, 5, 152),
('913', 'Citroën', 'C5', 'automatik', 9, 3, 146999, 4, 5, 24),
('914', 'Dacia', 'Logan', 'manuell', 9, 3, 16511, 4, 5, 86),
('915', 'Alfa Romeo', 'Giulia', 'automatik', 9, 2, 29457, 4, 5, 120),
('916', 'Hymer', 'B-Klasse ModernComfort', 'automatik', 10, 2, 40481, 3, 4, 25),
('917', 'Knaus', 'Sky TI', 'manuell', 10, 2, 90185, 3, 4, 56),
('918', 'Dethleffs', 'Trend T', 'manuell', 10, 3, 106270, 3, 4, 32),
('919', 'Carado', 'T448', 'manuell', 10, 2, 131612, 3, 4, 32),
('920', 'Weinsberg', 'CaraSuite', 'manuell', 10, 1, 60472, 3, 4, 71),
('921', 'Porsche', '911', 'automatik', 11, 2, 174743, 2, 4, 136),
('922', 'Ferrari', '488 GTB', 'automatik', 11, 2, 107542, 2, 2, 123),
('923', 'Lamborghini', 'Huracán', 'automatik', 11, 2, 118331, 2, 2, 45),
('924', 'McLaren', '570S', 'automatik', 11, 1, 116984, 2, 2, 10),
('925', 'Chevrolet', 'Corvette', 'automatik', 11, 3, 160707, 2, 2, 65),
('926', 'Audi', 'R8', 'automatik', 11, 2, 141909, 2, 2, 101),
('927', 'Nissan', 'GT-R', 'automatik', 11, 3, 172199, 2, 4, 109),
('928', 'BMW', 'M4', 'automatik', 11, 1, 88360, 2, 4, 116),
('929', 'Mercedes-Benz', 'AMG GT', 'automatik', 11, 1, 111405, 2, 2, 146),
('930', 'Jaguar', 'F-Type', 'automatik', 11, 1, 132201, 2, 2, 68),
('931', 'VW', 'Up', 'manuell', 1, 1, 81740, 3, 4, 78),
('932', 'Opel', 'Corsa', 'automatik', 1, 1, 94560, 5, 5, 155),
('933', 'Renault', 'Twingo', 'manuell', 1, 3, 81511, 3, 4, 12),
('934', 'Hyundai', 'i10', 'automatik', 1, 2, 153905, 5, 5, 104),
('935', 'Peugeot', '208', 'manuell', 1, 2, 55936, 5, 5, 69),
('936', 'Fiat', 'Panda', 'manuell', 1, 1, 76252, 5, 4, 80),
('937', 'Toyota', 'Aygo', 'automatik', 1, 3, 81942, 5, 4, 156),
('938', 'Kia', 'Picanto', 'manuell', 1, 3, 50336, 5, 5, 166),
('939', 'Seat', 'Mii', 'manuell', 1, 2, 66658, 3, 4, 120),
('940', 'Citroën', 'C1', 'automatik', 1, 2, 142189, 3, 4, 17),
('941', 'Ford', 'Ka+', 'manuell', 1, 3, 21548, 5, 5, 116),
('942', 'Chevrolet', 'Spark', 'manuell', 1, 2, 140471, 5, 4, 74),
('943', 'Skoda', 'Citigo', 'manuell', 1, 2, 108072, 3, 4, 68),
('944', 'Mitsubishi', 'Space Star', 'automatik', 1, 2, 133162, 5, 5, 125),
('945', 'Suzuki', 'Celerio', 'manuell', 1, 3, 10730, 5, 5, 127),
('946', 'Dacia', 'Sandero', 'manuell', 1, 1, 75858, 5, 5, 28),
('947', 'Nissan', 'Micra', 'automatik', 1, 2, 38365, 5, 5, 147),
('948', 'Mazda', '2', 'manuell', 1, 1, 11768, 5, 5, 119),
('949', 'Honda', 'Jazz', 'automatik', 1, 3, 119591, 5, 5, 154),
('950', 'Smart', 'Forfour', 'manuell', 1, 2, 96902, 4, 4, 9),
('951', 'VW', 'Passat Variant', 'automatik', 2, 2, 40098, 5, 5, 22),
('952', 'Ford', 'Focus Turnier', 'manuell', 2, 1, 95050, 5, 5, 151),
('953', 'Opel', 'Astra Sports Tourer', 'automatik', 2, 2, 177034, 5, 5, 143),
('954', 'Skoda', 'Octavia Combi', 'automatik', 2, 1, 13019, 5, 5, 74),
('955', 'BMW', '3er Touring', 'automatik', 2, 3, 138450, 5, 5, 43),
('956', 'Mercedes-Benz', 'C-Klasse T-Modell', 'automatik', 2, 1, 60702, 5, 5, 98),
('957', 'Audi', 'A4 Avant', 'automatik', 2, 3, 125095, 5, 5, 161),
('958', 'Peugeot', '308 SW', 'manuell', 2, 1, 70158, 5, 5, 79),
('959', 'Hyundai', 'i30 Kombi', 'manuell', 2, 2, 149606, 5, 5, 41),
('960', 'Kia', 'Ceed SW', 'automatik', 2, 1, 124620, 5, 5, 5),
('961', 'Renault', 'Mégane Grandtour', 'manuell', 2, 3, 19655, 5, 5, 152),
('962', 'Mazda', '6 Kombi', 'automatik', 2, 3, 118382, 5, 5, 29),
('963', 'Volvo', 'V60', 'automatik', 2, 3, 79059, 5, 5, 77),
('964', 'Toyota', 'Corolla Touring Sports', 'automatik', 2, 2, 174089, 5, 5, 138),
('965', 'Honda', 'Civic Tourer', 'manuell', 2, 3, 22986, 5, 5, 153),
('966', 'Dacia', 'Logan MCV', 'manuell', 2, 3, 147828, 5, 5, 49),
('967', 'Fiat', 'Tipo Kombi', 'automatik', 2, 3, 23887, 5, 5, 121),
('968', 'Subaru', 'Levorg', 'automatik', 2, 1, 63144, 5, 5, 27),
('969', 'Seat', 'Leon ST', 'automatik', 2, 2, 155930, 5, 5, 141),
('970', 'Chevrolet', 'Cruze Station Wagon', 'manuell', 2, 3, 128792, 5, 5, 84),
('971', 'VW', 'Touran', 'automatik', 3, 2, 111926, 5, 7, 62),
('972', 'Ford', 'S-Max', 'automatik', 3, 1, 78810, 5, 7, 2),
('973', 'Opel', 'Zafira', 'manuell', 3, 1, 141126, 5, 7, 122),
('974', 'Renault', 'Espace', 'automatik', 3, 1, 134147, 5, 7, 95),
('975', 'Citroën', 'Grand C4 SpaceTourer', 'automatik', 3, 2, 85869, 5, 7, 40),
('976', 'Mercedes-Benz', 'Sprinter', 'manuell', 4, 3, 166545, 4, 9, 154),
('977', 'Ford', 'Transit', 'manuell', 4, 3, 130705, 4, 9, 112),
('978', 'VW', 'Crafter', 'automatik', 4, 1, 121504, 4, 9, 33),
('979', 'Peugeot', 'Boxer', 'manuell', 4, 1, 41970, 4, 9, 80),
('980', 'Renault', 'Master', 'automatik', 4, 1, 170118, 4, 9, 21),
('981', 'VW', 'Tiguan', 'automatik', 5, 3, 59885, 5, 5, 61),
('982', 'BMW', 'X1', 'automatik', 5, 2, 18191, 5, 5, 52),
('983', 'Audi', 'Q3', 'automatik', 5, 3, 51076, 5, 5, 148),
('984', 'Mercedes-Benz', 'GLA', 'automatik', 5, 2, 22794, 5, 5, 55),
('985', 'Hyundai', 'Tucson', 'automatik', 5, 2, 176952, 5, 5, 6),
('986', 'Kia', 'Sportage', 'automatik', 5, 1, 134909, 5, 5, 81),
('987', 'Ford', 'Kuga', 'automatik', 5, 1, 88604, 5, 5, 126),
('988', 'Opel', 'Grandland', 'automatik', 5, 1, 116027, 5, 5, 87),
('989', 'Renault', 'Kadjar', 'automatik', 5, 1, 17424, 5, 5, 38),
('990', 'Peugeot', '3008', 'automatik', 5, 3, 140292, 5, 5, 113),
('991', 'Dacia', 'Duster', 'manuell', 5, 1, 82111, 5, 5, 1),
('992', 'Mazda', 'CX-5', 'automatik', 5, 1, 102892, 5, 5, 129),
('993', 'Toyota', 'RAV4', 'automatik', 5, 3, 33381, 5, 5, 28),
('994', 'Honda', 'CR-V', 'automatik', 5, 2, 11939, 5, 5, 71),
('995', 'Skoda', 'Karoq', 'automatik', 5, 3, 70817, 5, 5, 152),
('996', 'Seat', 'Ateca', 'automatik', 5, 3, 86899, 5, 5, 81),
('997', 'Nissan', 'Qashqai', 'automatik', 5, 1, 31936, 5, 5, 109),
('998', 'Subaru', 'Forester', 'automatik', 5, 1, 46989, 5, 5, 55),
('999', 'Volvo', 'XC40', 'automatik', 5, 2, 44557, 5, 5, 86),
('1000', 'Chevrolet', 'Captiva', 'manuell', 5, 2, 165296, 5, 5, 153),
('1001', 'Ford', 'Ranger', 'manuell', 6, 1, 109909, 4, 5, 37),
('1002', 'Toyota', 'Hilux', 'automatik', 6, 2, 144792, 4, 5, 24),
('1003', 'Nissan', 'Navara', 'manuell', 6, 1, 88119, 4, 5, 125),
('1004', 'Mitsubishi', 'L200', 'manuell', 6, 2, 55806, 4, 5, 113),
('1005', 'Isuzu', 'D-Max', 'manuell', 6, 1, 84076, 4, 5, 107),
('1006', 'Volkswagen', 'Amarok', 'automatik', 6, 3, 47681, 4, 5, 1),
('1007', 'Chevrolet', 'Colorado', 'automatik', 6, 3, 53580, 4, 5, 162),
('1008', 'Mazda', 'BT-50', 'manuell', 6, 3, 56208, 4, 5, 96),
('1009', 'Jeep', 'Gladiator', 'automatik', 6, 3, 89111, 4, 5, 82),
('1010', 'Ram', '1500', 'automatik', 6, 1, 95258, 4, 5, 12),
('1011', 'BMW', '2er Cabrio', 'automatik', 7, 2, 88394, 2, 4, 37),
('1012', 'Audi', 'A3 Cabriolet', 'automatik', 7, 2, 51618, 2, 4, 146),
('1013', 'Mercedes-Benz', 'C-Klasse Cabrio', 'automatik', 7, 1, 30296, 2, 4, 137),
('1014', 'VW', 'T-Roc Cabrio', 'automatik', 7, 1, 44216, 2, 4, 112),
('1015', 'Mini', 'Cabrio', 'manuell', 7, 3, 157497, 2, 4, 6),
('1016', 'Mazda', 'MX-5', 'manuell', 7, 1, 64611, 2, 2, 120),
('1017', 'Fiat', '124 Spider', 'manuell', 7, 2, 82425, 2, 2, 101),
('1018', 'Ford', 'Mustang Cabrio', 'automatik', 7, 3, 135323, 2, 4, 50),
('1019', 'Opel', 'Cascada', 'automatik', 7, 3, 20939, 2, 4, 71),
('1020', 'Peugeot', '308 CC', 'manuell', 7, 2, 172027, 2, 4, 137),
('1021', 'Renault', 'Mégane CC', 'manuell', 7, 2, 153238, 2, 4, 96),
('1022', 'Volkswagen', 'Eos', 'automatik', 7, 3, 12119, 2, 4, 55),
('1023', 'Saab', '9-3 Cabrio', 'automatik', 7, 3, 117404, 2, 4, 139),
('1024', 'Chevrolet', 'Camaro Cabrio', 'automatik', 7, 3, 138577, 2, 4, 16),
('1025', 'Chrysler', 'Sebring Cabrio', 'automatik', 7, 3, 61038, 2, 4, 77),
('1026', 'Citroën', 'C3 Pluriel', 'manuell', 7, 1, 136592, 2, 4, 69),
('1027', 'Smart', 'Fortwo Cabrio', 'automatik', 7, 2, 119975, 2, 2, 18),
('1028', 'BMW', 'Z4 Cabrio', 'automatik', 7, 3, 156201, 2, 2, 16),
('1029', 'Audi', 'TT Roadster', 'automatik', 7, 3, 162357, 2, 2, 79),
('1030', 'Mercedes-Benz', 'SLK', 'automatik', 7, 2, 157168, 2, 2, 155),
('1031', 'Mazda', 'MX-5 RF', 'manuell', 8, 3, 106578, 2, 2, 166),
('1032', 'BMW', 'Z4', 'automatik', 8, 1, 136168, 2, 2, 112),
('1033', 'Porsche', 'Boxster', 'automatik', 8, 2, 86358, 2, 2, 62),
('1034', 'Audi', 'TT Roadster', 'automatik', 8, 1, 42065, 2, 2, 15),
('1035', 'Mercedes-Benz', 'SLK', 'automatik', 8, 2, 128442, 2, 2, 87),
('1036', 'Fiat', '124 Spider', 'manuell', 8, 3, 136644, 2, 2, 2),
('1037', 'Honda', 'S2000', 'manuell', 8, 3, 61000, 2, 2, 115),
('1038', 'MG', 'TF', 'manuell', 8, 2, 93425, 2, 2, 4),
('1039', 'Toyota', 'MR2', 'manuell', 8, 3, 117553, 2, 2, 92),
('1040', 'Alfa Romeo', 'Spider', 'manuell', 8, 2, 152148, 2, 2, 102),
('1041', 'Lotus', 'Elise', 'manuell', 8, 1, 90727, 2, 2, 106),
('1042', 'Chevrolet', 'Corvette C5', 'automatik', 8, 3, 32222, 2, 2, 65),
('1043', 'Daihatsu', 'Copen', 'manuell', 8, 2, 52959, 2, 2, 98),
('1044', 'Opel', 'GT', 'manuell', 8, 2, 158272, 2, 2, 112),
('1045', 'Renault', 'Wind', 'manuell', 8, 1, 133413, 2, 2, 47),
('1046', 'Tesla', 'Roadster', 'automatik', 8, 2, 98073, 2, 2, 76),
('1047', 'Peugeot', '207 CC', 'manuell', 8, 1, 148037, 2, 2, 163),
('1048', 'Volkswagen', 'Karmann Ghia', 'manuell', 8, 2, 116562, 2, 2, 66),
('1049', 'Chrysler', 'Crossfire', 'automatik', 8, 2, 130375, 2, 2, 119),
('1050', 'Mini', 'Roadster', 'manuell', 8, 1, 43364, 2, 2, 34),
('1051', 'BMW', '5er', 'automatik', 9, 3, 177515, 4, 5, 77),
('1052', 'Mercedes-Benz', 'E-Klasse', 'automatik', 9, 3, 86064, 4, 5, 56),
('1053', 'Audi', 'A6', 'automatik', 9, 2, 164963, 4, 5, 145),
('1054', 'Skoda', 'Superb', 'automatik', 9, 3, 62002, 4, 5, 125),
('1055', 'Volkswagen', 'Arteon', 'automatik', 9, 3, 82651, 4, 5, 103),
('1056', 'Ford', 'Mondeo', 'manuell', 9, 2, 27839, 4, 5, 43),
('1057', 'Hyundai', 'i40', 'automatik', 9, 3, 157276, 4, 5, 54),
('1058', 'Kia', 'Optima', 'automatik', 9, 1, 100673, 4, 5, 45),
('1059', 'Toyota', 'Camry', 'automatik', 9, 3, 82568, 4, 5, 108),
('1060', 'Mazda', '6', 'automatik', 9, 1, 42345, 4, 5, 35),
('1061', 'Renault', 'Talisman', 'automatik', 9, 2, 155296, 4, 5, 125),
('1062', 'Peugeot', '508', 'automatik', 9, 2, 135833, 4, 5, 109),
('1063', 'Volvo', 'S90', 'automatik', 9, 3, 131397, 4, 5, 42),
('1064', 'Opel', 'Insignia', 'automatik', 9, 3, 86020, 4, 5, 41),
('1065', 'Honda', 'Accord', 'automatik', 9, 1, 135019, 4, 5, 48),
('1066', 'Subaru', 'Legacy', 'manuell', 9, 3, 30920, 4, 5, 66),
('1067', 'Chevrolet', 'Malibu', 'automatik', 9, 3, 81674, 4, 5, 104),
('1068', 'Citroën', 'C5', 'automatik', 9, 3, 117072, 4, 5, 161),
('1069', 'Dacia', 'Logan', 'manuell', 9, 1, 29604, 4, 5, 106),
('1070', 'Alfa Romeo', 'Giulia', 'automatik', 9, 3, 133009, 4, 5, 20),
('1071', 'Hymer', 'B-Klasse ModernComfort', 'automatik', 10, 1, 36719, 3, 4, 7),
('1072', 'Knaus', 'Sky TI', 'manuell', 10, 1, 14487, 3, 4, 125),
('1073', 'Dethleffs', 'Trend T', 'manuell', 10, 2, 142420, 3, 4, 146),
('1074', 'Carado', 'T448', 'manuell', 10, 1, 124203, 3, 4, 147),
('1075', 'Weinsberg', 'CaraSuite', 'manuell', 10, 1, 133349, 3, 4, 70),
('1076', 'Porsche', '911', 'automatik', 11, 1, 175082, 2, 4, 104),
('1077', 'Ferrari', '488 GTB', 'automatik', 11, 1, 117178, 2, 2, 35),
('1078', 'Lamborghini', 'Huracán', 'automatik', 11, 1, 145690, 2, 2, 87),
('1079', 'McLaren', '570S', 'automatik', 11, 2, 156891, 2, 2, 102),
('1080', 'Chevrolet', 'Corvette', 'automatik', 11, 1, 75820, 2, 2, 155),
('1081', 'Audi', 'R8', 'automatik', 11, 2, 87691, 2, 2, 66),
('1082', 'Nissan', 'GT-R', 'automatik', 11, 2, 135344, 2, 4, 41),
('1083', 'BMW', 'M4', 'automatik', 11, 2, 26494, 2, 4, 134),
('1084', 'Mercedes-Benz', 'AMG GT', 'automatik', 11, 2, 119392, 2, 2, 103),
('1085', 'Jaguar', 'F-Type', 'automatik', 11, 1, 81165, 2, 2, 120),
('1086', 'VW', 'Up', 'manuell', 1, 2, 135295, 3, 4, 144),
('1087', 'Opel', 'Corsa', 'automatik', 1, 3, 163924, 5, 5, 111),
('1088', 'Renault', 'Twingo', 'manuell', 1, 1, 18925, 3, 4, 74),
('1089', 'Hyundai', 'i10', 'automatik', 1, 2, 154286, 5, 5, 36),
('1090', 'Peugeot', '208', 'manuell', 1, 1, 16377, 5, 5, 20),
('1091', 'Fiat', 'Panda', 'manuell', 1, 3, 146389, 5, 4, 28),
('1092', 'Toyota', 'Aygo', 'automatik', 1, 2, 59713, 5, 4, 153),
('1093', 'Kia', 'Picanto', 'manuell', 1, 3, 20564, 5, 5, 139),
('1094', 'Seat', 'Mii', 'manuell', 1, 3, 90512, 3, 4, 60),
('1095', 'Citroën', 'C1', 'automatik', 1, 2, 170765, 3, 4, 126),
('1096', 'Ford', 'Ka+', 'manuell', 1, 1, 46264, 5, 5, 107),
('1097', 'Chevrolet', 'Spark', 'manuell', 1, 1, 15999, 5, 4, 81),
('1098', 'Skoda', 'Citigo', 'manuell', 1, 3, 32450, 3, 4, 118),
('1099', 'Mitsubishi', 'Space Star', 'automatik', 1, 2, 19374, 5, 5, 138),
('1100', 'Suzuki', 'Celerio', 'manuell', 1, 2, 95997, 5, 5, 70),
('1101', 'Dacia', 'Sandero', 'manuell', 1, 1, 30032, 5, 5, 116),
('1102', 'Nissan', 'Micra', 'automatik', 1, 3, 108009, 5, 5, 13),
('1103', 'Mazda', '2', 'manuell', 1, 1, 73482, 5, 5, 165),
('1104', 'Honda', 'Jazz', 'automatik', 1, 3, 110272, 5, 5, 56),
('1105', 'Smart', 'Forfour', 'manuell', 1, 3, 11713, 4, 4, 71),
('1106', 'VW', 'Passat Variant', 'automatik', 2, 3, 113574, 5, 5, 157),
('1107', 'Ford', 'Focus Turnier', 'manuell', 2, 1, 126608, 5, 5, 108),
('1108', 'Opel', 'Astra Sports Tourer', 'automatik', 2, 3, 32772, 5, 5, 125),
('1109', 'Skoda', 'Octavia Combi', 'automatik', 2, 2, 32788, 5, 5, 98),
('1110', 'BMW', '3er Touring', 'automatik', 2, 2, 170793, 5, 5, 127),
('1111', 'Mercedes-Benz', 'C-Klasse T-Modell', 'automatik', 2, 2, 146371, 5, 5, 56),
('1112', 'Audi', 'A4 Avant', 'automatik', 2, 3, 164385, 5, 5, 119),
('1113', 'Peugeot', '308 SW', 'manuell', 2, 1, 134230, 5, 5, 106),
('1114', 'Hyundai', 'i30 Kombi', 'manuell', 2, 1, 68201, 5, 5, 48),
('1115', 'Kia', 'Ceed SW', 'automatik', 2, 2, 93305, 5, 5, 158),
('1116', 'Renault', 'Mégane Grandtour', 'manuell', 2, 3, 42135, 5, 5, 59),
('1117', 'Mazda', '6 Kombi', 'automatik', 2, 2, 179976, 5, 5, 101),
('1118', 'Volvo', 'V60', 'automatik', 2, 1, 19453, 5, 5, 64),
('1119', 'Toyota', 'Corolla Touring Sports', 'automatik', 2, 2, 76918, 5, 5, 23),
('1120', 'Honda', 'Civic Tourer', 'manuell', 2, 1, 179834, 5, 5, 101),
('1121', 'Dacia', 'Logan MCV', 'manuell', 2, 3, 54389, 5, 5, 132),
('1122', 'Fiat', 'Tipo Kombi', 'automatik', 2, 1, 44139, 5, 5, 45),
('1123', 'Subaru', 'Levorg', 'automatik', 2, 1, 128581, 5, 5, 17),
('1124', 'Seat', 'Leon ST', 'automatik', 2, 1, 81832, 5, 5, 63),
('1125', 'Chevrolet', 'Cruze Station Wagon', 'manuell', 2, 1, 112530, 5, 5, 114),
('1126', 'VW', 'Touran', 'automatik', 3, 3, 101444, 5, 7, 138),
('1127', 'Ford', 'S-Max', 'automatik', 3, 3, 75336, 5, 7, 117),
('1128', 'Opel', 'Zafira', 'manuell', 3, 2, 32227, 5, 7, 120),
('1129', 'Renault', 'Espace', 'automatik', 3, 2, 37036, 5, 7, 156),
('1130', 'Citroën', 'Grand C4 SpaceTourer', 'automatik', 3, 1, 67213, 5, 7, 29),
('1131', 'Mercedes-Benz', 'Sprinter', 'manuell', 4, 2, 178017, 4, 9, 124),
('1132', 'Ford', 'Transit', 'manuell', 4, 1, 159941, 4, 9, 113),
('1133', 'VW', 'Crafter', 'automatik', 4, 2, 112368, 4, 9, 135),
('1134', 'Peugeot', 'Boxer', 'manuell', 4, 2, 106656, 4, 9, 27),
('1135', 'Renault', 'Master', 'automatik', 4, 2, 95711, 4, 9, 143),
('1136', 'VW', 'Tiguan', 'automatik', 5, 1, 76092, 5, 5, 83),
('1137', 'BMW', 'X1', 'automatik', 5, 3, 176317, 5, 5, 117),
('1138', 'Audi', 'Q3', 'automatik', 5, 2, 28468, 5, 5, 4),
('1139', 'Mercedes-Benz', 'GLA', 'automatik', 5, 3, 37164, 5, 5, 153),
('1140', 'Hyundai', 'Tucson', 'automatik', 5, 1, 91632, 5, 5, 34),
('1141', 'Kia', 'Sportage', 'automatik', 5, 1, 57066, 5, 5, 40),
('1142', 'Ford', 'Kuga', 'automatik', 5, 3, 98358, 5, 5, 42),
('1143', 'Opel', 'Grandland', 'automatik', 5, 3, 82519, 5, 5, 121),
('1144', 'Renault', 'Kadjar', 'automatik', 5, 1, 109872, 5, 5, 44),
('1145', 'Peugeot', '3008', 'automatik', 5, 3, 85954, 5, 5, 34),
('1146', 'Dacia', 'Duster', 'manuell', 5, 2, 143603, 5, 5, 111),
('1147', 'Mazda', 'CX-5', 'automatik', 5, 2, 139468, 5, 5, 155),
('1148', 'Toyota', 'RAV4', 'automatik', 5, 3, 151993, 5, 5, 68),
('1149', 'Honda', 'CR-V', 'automatik', 5, 3, 109111, 5, 5, 9),
('1150', 'Skoda', 'Karoq', 'automatik', 5, 2, 113504, 5, 5, 43),
('1151', 'Seat', 'Ateca', 'automatik', 5, 1, 157772, 5, 5, 45),
('1152', 'Nissan', 'Qashqai', 'automatik', 5, 3, 126622, 5, 5, 160),
('1153', 'Subaru', 'Forester', 'automatik', 5, 1, 103177, 5, 5, 105),
('1154', 'Volvo', 'XC40', 'automatik', 5, 3, 164811, 5, 5, 35),
('1155', 'Chevrolet', 'Captiva', 'manuell', 5, 1, 31061, 5, 5, 71),
('1156', 'Ford', 'Ranger', 'manuell', 6, 3, 35035, 4, 5, 65),
('1157', 'Toyota', 'Hilux', 'automatik', 6, 3, 168063, 4, 5, 14),
('1158', 'Nissan', 'Navara', 'manuell', 6, 2, 106775, 4, 5, 29),
('1159', 'Mitsubishi', 'L200', 'manuell', 6, 3, 81823, 4, 5, 136),
('1160', 'Isuzu', 'D-Max', 'manuell', 6, 3, 42701, 4, 5, 64),
('1161', 'Volkswagen', 'Amarok', 'automatik', 6, 1, 122056, 4, 5, 42),
('1162', 'Chevrolet', 'Colorado', 'automatik', 6, 2, 66870, 4, 5, 5),
('1163', 'Mazda', 'BT-50', 'manuell', 6, 2, 61934, 4, 5, 162),
('1164', 'Jeep', 'Gladiator', 'automatik', 6, 1, 57930, 4, 5, 19),
('1165', 'Ram', '1500', 'automatik', 6, 3, 31256, 4, 5, 13),
('1166', 'BMW', '2er Cabrio', 'automatik', 7, 1, 170808, 2, 4, 1),
('1167', 'Audi', 'A3 Cabriolet', 'automatik', 7, 3, 160856, 2, 4, 137),
('1168', 'Mercedes-Benz', 'C-Klasse Cabrio', 'automatik', 7, 2, 168509, 2, 4, 142),
('1169', 'VW', 'T-Roc Cabrio', 'automatik', 7, 1, 161488, 2, 4, 157),
('1170', 'Mini', 'Cabrio', 'manuell', 7, 2, 84323, 2, 4, 93),
('1171', 'Mazda', 'MX-5', 'manuell', 7, 1, 141749, 2, 2, 59),
('1172', 'Fiat', '124 Spider', 'manuell', 7, 3, 99435, 2, 2, 35),
('1173', 'Ford', 'Mustang Cabrio', 'automatik', 7, 3, 60639, 2, 4, 23),
('1174', 'Opel', 'Cascada', 'automatik', 7, 3, 36623, 2, 4, 9),
('1175', 'Peugeot', '308 CC', 'manuell', 7, 2, 24385, 2, 4, 63),
('1176', 'Renault', 'Mégane CC', 'manuell', 7, 2, 32003, 2, 4, 61),
('1177', 'Volkswagen', 'Eos', 'automatik', 7, 3, 94101, 2, 4, 24),
('1178', 'Saab', '9-3 Cabrio', 'automatik', 7, 2, 168631, 2, 4, 70),
('1179', 'Chevrolet', 'Camaro Cabrio', 'automatik', 7, 1, 130939, 2, 4, 137),
('1180', 'Chrysler', 'Sebring Cabrio', 'automatik', 7, 3, 79573, 2, 4, 88),
('1181', 'Citroën', 'C3 Pluriel', 'manuell', 7, 2, 132986, 2, 4, 126),
('1182', 'Smart', 'Fortwo Cabrio', 'automatik', 7, 1, 95897, 2, 2, 160),
('1183', 'BMW', 'Z4 Cabrio', 'automatik', 7, 3, 23211, 2, 2, 47),
('1184', 'Audi', 'TT Roadster', 'automatik', 7, 3, 54409, 2, 2, 43),
('1185', 'Mercedes-Benz', 'SLK', 'automatik', 7, 2, 130669, 2, 2, 137),
('1186', 'Mazda', 'MX-5 RF', 'manuell', 8, 2, 126874, 2, 2, 29),
('1187', 'BMW', 'Z4', 'automatik', 8, 3, 38492, 2, 2, 163),
('1188', 'Porsche', 'Boxster', 'automatik', 8, 3, 136404, 2, 2, 59),
('1189', 'Audi', 'TT Roadster', 'automatik', 8, 3, 163008, 2, 2, 83),
('1190', 'Mercedes-Benz', 'SLK', 'automatik', 8, 1, 42653, 2, 2, 70),
('1191', 'Fiat', '124 Spider', 'manuell', 8, 3, 63017, 2, 2, 3),
('1192', 'Honda', 'S2000', 'manuell', 8, 3, 86980, 2, 2, 86),
('1193', 'MG', 'TF', 'manuell', 8, 1, 163241, 2, 2, 85),
('1194', 'Toyota', 'MR2', 'manuell', 8, 1, 18866, 2, 2, 31),
('1195', 'Alfa Romeo', 'Spider', 'manuell', 8, 3, 144416, 2, 2, 105),
('1196', 'Lotus', 'Elise', 'manuell', 8, 3, 102593, 2, 2, 28),
('1197', 'Chevrolet', 'Corvette C5', 'automatik', 8, 1, 57031, 2, 2, 15),
('1198', 'Daihatsu', 'Copen', 'manuell', 8, 1, 165733, 2, 2, 164),
('1199', 'Opel', 'GT', 'manuell', 8, 3, 23804, 2, 2, 96),
('1200', 'Renault', 'Wind', 'manuell', 8, 1, 57823, 2, 2, 18),
('1201', 'Tesla', 'Roadster', 'automatik', 8, 2, 65268, 2, 2, 146),
('1202', 'Peugeot', '207 CC', 'manuell', 8, 1, 88731, 2, 2, 63),
('1203', 'Volkswagen', 'Karmann Ghia', 'manuell', 8, 1, 100029, 2, 2, 148),
('1204', 'Chrysler', 'Crossfire', 'automatik', 8, 3, 141462, 2, 2, 153),
('1205', 'Mini', 'Roadster', 'manuell', 8, 3, 85127, 2, 2, 140),
('1206', 'BMW', '5er', 'automatik', 9, 2, 138479, 4, 5, 75),
('1207', 'Mercedes-Benz', 'E-Klasse', 'automatik', 9, 3, 105175, 4, 5, 126),
('1208', 'Audi', 'A6', 'automatik', 9, 2, 69322, 4, 5, 137),
('1209', 'Skoda', 'Superb', 'automatik', 9, 3, 138769, 4, 5, 76),
('1210', 'Volkswagen', 'Arteon', 'automatik', 9, 1, 155405, 4, 5, 143),
('1211', 'Ford', 'Mondeo', 'manuell', 9, 2, 100996, 4, 5, 26),
('1212', 'Hyundai', 'i40', 'automatik', 9, 2, 161465, 4, 5, 69),
('1213', 'Kia', 'Optima', 'automatik', 9, 3, 121411, 4, 5, 21),
('1214', 'Toyota', 'Camry', 'automatik', 9, 2, 92572, 4, 5, 158),
('1215', 'Mazda', '6', 'automatik', 9, 2, 38069, 4, 5, 165),
('1216', 'Renault', 'Talisman', 'automatik', 9, 2, 92784, 4, 5, 94),
('1217', 'Peugeot', '508', 'automatik', 9, 3, 81508, 4, 5, 115),
('1218', 'Volvo', 'S90', 'automatik', 9, 3, 114539, 4, 5, 25),
('1219', 'Opel', 'Insignia', 'automatik', 9, 1, 99673, 4, 5, 75),
('1220', 'Honda', 'Accord', 'automatik', 9, 3, 100856, 4, 5, 101),
('1221', 'Subaru', 'Legacy', 'manuell', 9, 3, 86707, 4, 5, 35),
('1222', 'Chevrolet', 'Malibu', 'automatik', 9, 1, 172432, 4, 5, 84),
('1223', 'Citroën', 'C5', 'automatik', 9, 2, 177645, 4, 5, 72),
('1224', 'Dacia', 'Logan', 'manuell', 9, 3, 85271, 4, 5, 23),
('1225', 'Alfa Romeo', 'Giulia', 'automatik', 9, 3, 53267, 4, 5, 8),
('1226', 'Hymer', 'B-Klasse ModernComfort', 'automatik', 10, 1, 39793, 3, 4, 48),
('1227', 'Knaus', 'Sky TI', 'manuell', 10, 1, 172098, 3, 4, 143),
('1228', 'Dethleffs', 'Trend T', 'manuell', 10, 3, 99072, 3, 4, 129),
('1229', 'Carado', 'T448', 'manuell', 10, 3, 27172, 3, 4, 112),
('1230', 'Weinsberg', 'CaraSuite', 'manuell', 10, 2, 152629, 3, 4, 119),
('1231', 'Porsche', '911', 'automatik', 11, 2, 138412, 2, 4, 72),
('1232', 'Ferrari', '488 GTB', 'automatik', 11, 2, 92996, 2, 2, 109),
('1233', 'Lamborghini', 'Huracán', 'automatik', 11, 3, 143410, 2, 2, 63),
('1234', 'McLaren', '570S', 'automatik', 11, 2, 96779, 2, 2, 18),
('1235', 'Chevrolet', 'Corvette', 'automatik', 11, 2, 51805, 2, 2, 115),
('1236', 'Audi', 'R8', 'automatik', 11, 3, 53220, 2, 2, 92),
('1237', 'Nissan', 'GT-R', 'automatik', 11, 3, 141316, 2, 4, 104),
('1238', 'BMW', 'M4', 'automatik', 11, 3, 135593, 2, 4, 166),
('1239', 'Mercedes-Benz', 'AMG GT', 'automatik', 11, 2, 53140, 2, 2, 143),
('1240', 'Jaguar', 'F-Type', 'automatik', 11, 3, 86975, 2, 2, 111),
('1241', 'VW', 'Up', 'manuell', 1, 1, 63300, 3, 4, 79),
('1242', 'Opel', 'Corsa', 'automatik', 1, 2, 64016, 5, 5, 141),
('1243', 'Renault', 'Twingo', 'manuell', 1, 1, 72226, 3, 4, 43),
('1244', 'Hyundai', 'i10', 'automatik', 1, 2, 65997, 5, 5, 157),
('1245', 'Peugeot', '208', 'manuell', 1, 1, 159135, 5, 5, 38),
('1246', 'Fiat', 'Panda', 'manuell', 1, 1, 67927, 5, 4, 61),
('1247', 'Toyota', 'Aygo', 'automatik', 1, 2, 142163, 5, 4, 78),
('1248', 'Kia', 'Picanto', 'manuell', 1, 2, 103831, 5, 5, 116),
('1249', 'Seat', 'Mii', 'manuell', 1, 1, 15878, 3, 4, 154),
('1250', 'Citroën', 'C1', 'automatik', 1, 2, 178471, 3, 4, 24),
('1251', 'Ford', 'Ka+', 'manuell', 1, 1, 63652, 5, 5, 55),
('1252', 'Chevrolet', 'Spark', 'manuell', 1, 3, 84278, 5, 4, 50),
('1253', 'Skoda', 'Citigo', 'manuell', 1, 2, 119605, 3, 4, 3),
('1254', 'Mitsubishi', 'Space Star', 'automatik', 1, 3, 53509, 5, 5, 95),
('1255', 'Suzuki', 'Celerio', 'manuell', 1, 2, 97314, 5, 5, 40),
('1256', 'Dacia', 'Sandero', 'manuell', 1, 3, 174233, 5, 5, 96),
('1257', 'Nissan', 'Micra', 'automatik', 1, 3, 179518, 5, 5, 83),
('1258', 'Mazda', '2', 'manuell', 1, 1, 93605, 5, 5, 76),
('1259', 'Honda', 'Jazz', 'automatik', 1, 2, 67719, 5, 5, 155),
('1260', 'Smart', 'Forfour', 'manuell', 1, 2, 83779, 4, 4, 57),
('1261', 'VW', 'Passat Variant', 'automatik', 2, 3, 104101, 5, 5, 88),
('1262', 'Ford', 'Focus Turnier', 'manuell', 2, 1, 81482, 5, 5, 159),
('1263', 'Opel', 'Astra Sports Tourer', 'automatik', 2, 1, 24248, 5, 5, 94),
('1264', 'Skoda', 'Octavia Combi', 'automatik', 2, 1, 27867, 5, 5, 25),
('1265', 'BMW', '3er Touring', 'automatik', 2, 1, 150318, 5, 5, 162),
('1266', 'Mercedes-Benz', 'C-Klasse T-Modell', 'automatik', 2, 1, 72973, 5, 5, 130),
('1267', 'Audi', 'A4 Avant', 'automatik', 2, 1, 70543, 5, 5, 30),
('1268', 'Peugeot', '308 SW', 'manuell', 2, 1, 18078, 5, 5, 159),
('1269', 'Hyundai', 'i30 Kombi', 'manuell', 2, 2, 134560, 5, 5, 27),
('1270', 'Kia', 'Ceed SW', 'automatik', 2, 3, 91750, 5, 5, 82),
('1271', 'Renault', 'Mégane Grandtour', 'manuell', 2, 2, 20633, 5, 5, 146),
('1272', 'Mazda', '6 Kombi', 'automatik', 2, 1, 27703, 5, 5, 61),
('1273', 'Volvo', 'V60', 'automatik', 2, 2, 42829, 5, 5, 88),
('1274', 'Toyota', 'Corolla Touring Sports', 'automatik', 2, 1, 77010, 5, 5, 117),
('1275', 'Honda', 'Civic Tourer', 'manuell', 2, 3, 171376, 5, 5, 44),
('1276', 'Dacia', 'Logan MCV', 'manuell', 2, 2, 135352, 5, 5, 8),
('1277', 'Fiat', 'Tipo Kombi', 'automatik', 2, 1, 86034, 5, 5, 3),
('1278', 'Subaru', 'Levorg', 'automatik', 2, 1, 114609, 5, 5, 76),
('1279', 'Seat', 'Leon ST', 'automatik', 2, 1, 90041, 5, 5, 70),
('1280', 'Chevrolet', 'Cruze Station Wagon', 'manuell', 2, 3, 36803, 5, 5, 151),
('1281', 'VW', 'Touran', 'automatik', 3, 1, 88868, 5, 7, 84),
('1282', 'Ford', 'S-Max', 'automatik', 3, 3, 133590, 5, 7, 110),
('1283', 'Opel', 'Zafira', 'manuell', 3, 1, 144749, 5, 7, 75),
('1284', 'Renault', 'Espace', 'automatik', 3, 2, 18084, 5, 7, 108),
('1285', 'Citroën', 'Grand C4 SpaceTourer', 'automatik', 3, 1, 41508, 5, 7, 81),
('1286', 'Mercedes-Benz', 'Sprinter', 'manuell', 4, 2, 52813, 4, 9, 49),
('1287', 'Ford', 'Transit', 'manuell', 4, 3, 25768, 4, 9, 6),
('1288', 'VW', 'Crafter', 'automatik', 4, 3, 69263, 4, 9, 146),
('1289', 'Peugeot', 'Boxer', 'manuell', 4, 3, 163158, 4, 9, 37),
('1290', 'Renault', 'Master', 'automatik', 4, 3, 147913, 4, 9, 56),
('1291', 'VW', 'Tiguan', 'automatik', 5, 2, 31113, 5, 5, 71),
('1292', 'BMW', 'X1', 'automatik', 5, 2, 170695, 5, 5, 114),
('1293', 'Audi', 'Q3', 'automatik', 5, 1, 110481, 5, 5, 37),
('1294', 'Mercedes-Benz', 'GLA', 'automatik', 5, 2, 66456, 5, 5, 25),
('1295', 'Hyundai', 'Tucson', 'automatik', 5, 1, 99259, 5, 5, 36),
('1296', 'Kia', 'Sportage', 'automatik', 5, 3, 113751, 5, 5, 142),
('1297', 'Ford', 'Kuga', 'automatik', 5, 2, 161538, 5, 5, 77),
('1298', 'Opel', 'Grandland', 'automatik', 5, 3, 103582, 5, 5, 166),
('1299', 'Renault', 'Kadjar', 'automatik', 5, 2, 65406, 5, 5, 136),
('1300', 'Peugeot', '3008', 'automatik', 5, 1, 130620, 5, 5, 81),
('1301', 'Dacia', 'Duster', 'manuell', 5, 1, 99186, 5, 5, 120),
('1302', 'Mazda', 'CX-5', 'automatik', 5, 3, 87070, 5, 5, 147),
('1303', 'Toyota', 'RAV4', 'automatik', 5, 2, 10925, 5, 5, 28),
('1304', 'Honda', 'CR-V', 'automatik', 5, 2, 119058, 5, 5, 5),
('1305', 'Skoda', 'Karoq', 'automatik', 5, 1, 169709, 5, 5, 57),
('1306', 'Seat', 'Ateca', 'automatik', 5, 3, 144006, 5, 5, 42),
('1307', 'Nissan', 'Qashqai', 'automatik', 5, 2, 146563, 5, 5, 97),
('1308', 'Subaru', 'Forester', 'automatik', 5, 2, 25140, 5, 5, 115),
('1309', 'Volvo', 'XC40', 'automatik', 5, 2, 120788, 5, 5, 100),
('1310', 'Chevrolet', 'Captiva', 'manuell', 5, 3, 90611, 5, 5, 133),
('1311', 'Ford', 'Ranger', 'manuell', 6, 3, 114137, 4, 5, 88),
('1312', 'Toyota', 'Hilux', 'automatik', 6, 3, 33693, 4, 5, 42),
('1313', 'Nissan', 'Navara', 'manuell', 6, 3, 119234, 4, 5, 124),
('1314', 'Mitsubishi', 'L200', 'manuell', 6, 3, 71237, 4, 5, 45),
('1315', 'Isuzu', 'D-Max', 'manuell', 6, 3, 101536, 4, 5, 139),
('1316', 'Volkswagen', 'Amarok', 'automatik', 6, 2, 113788, 4, 5, 130),
('1317', 'Chevrolet', 'Colorado', 'automatik', 6, 3, 49864, 4, 5, 127),
('1318', 'Mazda', 'BT-50', 'manuell', 6, 3, 171724, 4, 5, 51),
('1319', 'Jeep', 'Gladiator', 'automatik', 6, 2, 169627, 4, 5, 133),
('1320', 'Ram', '1500', 'automatik', 6, 2, 108795, 4, 5, 44),
('1321', 'BMW', '2er Cabrio', 'automatik', 7, 1, 106059, 2, 4, 27),
('1322', 'Audi', 'A3 Cabriolet', 'automatik', 7, 3, 176038, 2, 4, 139),
('1323', 'Mercedes-Benz', 'C-Klasse Cabrio', 'automatik', 7, 2, 177551, 2, 4, 7),
('1324', 'VW', 'T-Roc Cabrio', 'automatik', 7, 2, 148870, 2, 4, 44),
('1325', 'Mini', 'Cabrio', 'manuell', 7, 1, 123380, 2, 4, 41),
('1326', 'Mazda', 'MX-5', 'manuell', 7, 1, 159750, 2, 2, 75),
('1327', 'Fiat', '124 Spider', 'manuell', 7, 2, 136662, 2, 2, 80),
('1328', 'Ford', 'Mustang Cabrio', 'automatik', 7, 2, 138215, 2, 4, 148),
('1329', 'Opel', 'Cascada', 'automatik', 7, 1, 14334, 2, 4, 34),
('1330', 'Peugeot', '308 CC', 'manuell', 7, 2, 70389, 2, 4, 88),
('1331', 'Renault', 'Mégane CC', 'manuell', 7, 3, 170480, 2, 4, 127),
('1332', 'Volkswagen', 'Eos', 'automatik', 7, 3, 122233, 2, 4, 53),
('1333', 'Saab', '9-3 Cabrio', 'automatik', 7, 3, 36328, 2, 4, 5),
('1334', 'Chevrolet', 'Camaro Cabrio', 'automatik', 7, 1, 10034, 2, 4, 163),
('1335', 'Chrysler', 'Sebring Cabrio', 'automatik', 7, 2, 111467, 2, 4, 114),
('1336', 'Citroën', 'C3 Pluriel', 'manuell', 7, 1, 99450, 2, 4, 1),
('1337', 'Smart', 'Fortwo Cabrio', 'automatik', 7, 1, 65257, 2, 2, 77),
('1338', 'BMW', 'Z4 Cabrio', 'automatik', 7, 3, 92022, 2, 2, 132),
('1339', 'Audi', 'TT Roadster', 'automatik', 7, 2, 32047, 2, 2, 35),
('1340', 'Mercedes-Benz', 'SLK', 'automatik', 7, 2, 129784, 2, 2, 102),
('1341', 'Mazda', 'MX-5 RF', 'manuell', 8, 2, 145881, 2, 2, 112),
('1342', 'BMW', 'Z4', 'automatik', 8, 1, 47676, 2, 2, 149),
('1343', 'Porsche', 'Boxster', 'automatik', 8, 3, 117440, 2, 2, 21),
('1344', 'Audi', 'TT Roadster', 'automatik', 8, 1, 111926, 2, 2, 106),
('1345', 'Mercedes-Benz', 'SLK', 'automatik', 8, 1, 178923, 2, 2, 59),
('1346', 'Fiat', '124 Spider', 'manuell', 8, 1, 48121, 2, 2, 83),
('1347', 'Honda', 'S2000', 'manuell', 8, 1, 102982, 2, 2, 24),
('1348', 'MG', 'TF', 'manuell', 8, 3, 174119, 2, 2, 119),
('1349', 'Toyota', 'MR2', 'manuell', 8, 3, 100287, 2, 2, 152),
('1350', 'Alfa Romeo', 'Spider', 'manuell', 8, 3, 74117, 2, 2, 91),
('1351', 'Lotus', 'Elise', 'manuell', 8, 2, 171274, 2, 2, 52),
('1352', 'Chevrolet', 'Corvette C5', 'automatik', 8, 2, 127755, 2, 2, 75),
('1353', 'Daihatsu', 'Copen', 'manuell', 8, 1, 137436, 2, 2, 38),
('1354', 'Opel', 'GT', 'manuell', 8, 1, 72257, 2, 2, 100),
('1355', 'Renault', 'Wind', 'manuell', 8, 3, 149171, 2, 2, 89),
('1356', 'Tesla', 'Roadster', 'automatik', 8, 2, 162198, 2, 2, 54),
('1357', 'Peugeot', '207 CC', 'manuell', 8, 2, 164512, 2, 2, 141),
('1358', 'Volkswagen', 'Karmann Ghia', 'manuell', 8, 2, 93017, 2, 2, 114),
('1359', 'Chrysler', 'Crossfire', 'automatik', 8, 3, 130780, 2, 2, 71),
('1360', 'Mini', 'Roadster', 'manuell', 8, 2, 169281, 2, 2, 125),
('1361', 'BMW', '5er', 'automatik', 9, 1, 101030, 4, 5, 50),
('1362', 'Mercedes-Benz', 'E-Klasse', 'automatik', 9, 1, 11957, 4, 5, 148),
('1363', 'Audi', 'A6', 'automatik', 9, 1, 173152, 4, 5, 23),
('1364', 'Skoda', 'Superb', 'automatik', 9, 2, 65827, 4, 5, 36),
('1365', 'Volkswagen', 'Arteon', 'automatik', 9, 3, 104995, 4, 5, 69),
('1366', 'Ford', 'Mondeo', 'manuell', 9, 3, 176710, 4, 5, 141),
('1367', 'Hyundai', 'i40', 'automatik', 9, 1, 14432, 4, 5, 20),
('1368', 'Kia', 'Optima', 'automatik', 9, 1, 147707, 4, 5, 35),
('1369', 'Toyota', 'Camry', 'automatik', 9, 2, 169936, 4, 5, 57),
('1370', 'Mazda', '6', 'automatik', 9, 1, 69117, 4, 5, 88),
('1371', 'Renault', 'Talisman', 'automatik', 9, 2, 109854, 4, 5, 162),
('1372', 'Peugeot', '508', 'automatik', 9, 3, 143288, 4, 5, 141),
('1373', 'Volvo', 'S90', 'automatik', 9, 3, 33044, 4, 5, 54),
('1374', 'Opel', 'Insignia', 'automatik', 9, 1, 70338, 4, 5, 157),
('1375', 'Honda', 'Accord', 'automatik', 9, 1, 52148, 4, 5, 133),
('1376', 'Subaru', 'Legacy', 'manuell', 9, 2, 170955, 4, 5, 28),
('1377', 'Chevrolet', 'Malibu', 'automatik', 9, 2, 148334, 4, 5, 33),
('1378', 'Citroën', 'C5', 'automatik', 9, 3, 89522, 4, 5, 123),
('1379', 'Dacia', 'Logan', 'manuell', 9, 2, 74606, 4, 5, 31),
('1380', 'Alfa Romeo', 'Giulia', 'automatik', 9, 1, 27988, 4, 5, 104),
('1381', 'Hymer', 'B-Klasse ModernComfort', 'automatik', 10, 1, 101797, 3, 4, 80),
('1382', 'Knaus', 'Sky TI', 'manuell', 10, 1, 179603, 3, 4, 104),
('1383', 'Dethleffs', 'Trend T', 'manuell', 10, 2, 53867, 3, 4, 117),
('1384', 'Carado', 'T448', 'manuell', 10, 2, 66305, 3, 4, 98),
('1385', 'Weinsberg', 'CaraSuite', 'manuell', 10, 1, 134444, 3, 4, 35),
('1386', 'Porsche', '911', 'automatik', 11, 1, 162800, 2, 4, 150),
('1387', 'Ferrari', '488 GTB', 'automatik', 11, 3, 100638, 2, 2, 136),
('1388', 'Lamborghini', 'Huracán', 'automatik', 11, 2, 61549, 2, 2, 99),
('1389', 'McLaren', '570S', 'automatik', 11, 3, 53528, 2, 2, 164),
('1390', 'Chevrolet', 'Corvette', 'automatik', 11, 2, 120942, 2, 2, 104),
('1391', 'Audi', 'R8', 'automatik', 11, 2, 32203, 2, 2, 30),
('1392', 'Nissan', 'GT-R', 'automatik', 11, 1, 108966, 2, 4, 13),
('1393', 'BMW', 'M4', 'automatik', 11, 3, 57231, 2, 4, 80),
('1394', 'Mercedes-Benz', 'AMG GT', 'automatik', 11, 2, 63464, 2, 2, 93),
('1395', 'Jaguar', 'F-Type', 'automatik', 11, 1, 22104, 2, 2, 16),
('1396', 'VW', 'Up', 'manuell', 1, 2, 165063, 3, 4, 90),
('1397', 'Opel', 'Corsa', 'automatik', 1, 3, 20956, 5, 5, 156),
('1398', 'Renault', 'Twingo', 'manuell', 1, 2, 63904, 3, 4, 112),
('1399', 'Hyundai', 'i10', 'automatik', 1, 3, 163268, 5, 5, 41),
('1400', 'Peugeot', '208', 'manuell', 1, 2, 128887, 5, 5, 63),
('1401', 'Fiat', 'Panda', 'manuell', 1, 2, 25606, 5, 4, 44),
('1402', 'Toyota', 'Aygo', 'automatik', 1, 1, 100754, 5, 4, 140),
('1403', 'Kia', 'Picanto', 'manuell', 1, 3, 148401, 5, 5, 125),
('1404', 'Seat', 'Mii', 'manuell', 1, 1, 65910, 3, 4, 70),
('1405', 'Citroën', 'C1', 'automatik', 1, 1, 127501, 3, 4, 149),
('1406', 'Ford', 'Ka+', 'manuell', 1, 1, 79276, 5, 5, 57),
('1407', 'Chevrolet', 'Spark', 'manuell', 1, 3, 42387, 5, 4, 111),
('1408', 'Skoda', 'Citigo', 'manuell', 1, 3, 114187, 3, 4, 44),
('1409', 'Mitsubishi', 'Space Star', 'automatik', 1, 2, 166697, 5, 5, 88),
('1410', 'Suzuki', 'Celerio', 'manuell', 1, 2, 91412, 5, 5, 142),
('1411', 'Dacia', 'Sandero', 'manuell', 1, 2, 174520, 5, 5, 39),
('1412', 'Nissan', 'Micra', 'automatik', 1, 2, 67794, 5, 5, 85),
('1413', 'Mazda', '2', 'manuell', 1, 1, 151726, 5, 5, 64),
('1414', 'Honda', 'Jazz', 'automatik', 1, 2, 123890, 5, 5, 95),
('1415', 'Smart', 'Forfour', 'manuell', 1, 3, 26114, 4, 4, 61),
('1416', 'VW', 'Passat Variant', 'automatik', 2, 2, 60452, 5, 5, 4),
('1417', 'Ford', 'Focus Turnier', 'manuell', 2, 2, 153377, 5, 5, 122),
('1418', 'Opel', 'Astra Sports Tourer', 'automatik', 2, 1, 138151, 5, 5, 8),
('1419', 'Skoda', 'Octavia Combi', 'automatik', 2, 3, 74330, 5, 5, 81),
('1420', 'BMW', '3er Touring', 'automatik', 2, 2, 152640, 5, 5, 84),
('1421', 'Mercedes-Benz', 'C-Klasse T-Modell', 'automatik', 2, 3, 90979, 5, 5, 88),
('1422', 'Audi', 'A4 Avant', 'automatik', 2, 2, 52349, 5, 5, 129),
('1423', 'Peugeot', '308 SW', 'manuell', 2, 1, 129246, 5, 5, 1),
('1424', 'Hyundai', 'i30 Kombi', 'manuell', 2, 2, 175300, 5, 5, 106),
('1425', 'Kia', 'Ceed SW', 'automatik', 2, 3, 151184, 5, 5, 27),
('1426', 'Renault', 'Mégane Grandtour', 'manuell', 2, 3, 16171, 5, 5, 151),
('1427', 'Mazda', '6 Kombi', 'automatik', 2, 3, 94784, 5, 5, 84),
('1428', 'Volvo', 'V60', 'automatik', 2, 1, 134408, 5, 5, 154),
('1429', 'Toyota', 'Corolla Touring Sports', 'automatik', 2, 1, 162218, 5, 5, 164),
('1430', 'Honda', 'Civic Tourer', 'manuell', 2, 1, 70446, 5, 5, 70),
('1431', 'Dacia', 'Logan MCV', 'manuell', 2, 2, 100764, 5, 5, 130),
('1432', 'Fiat', 'Tipo Kombi', 'automatik', 2, 1, 162640, 5, 5, 53),
('1433', 'Subaru', 'Levorg', 'automatik', 2, 2, 110085, 5, 5, 129),
('1434', 'Seat', 'Leon ST', 'automatik', 2, 3, 20372, 5, 5, 144),
('1435', 'Chevrolet', 'Cruze Station Wagon', 'manuell', 2, 1, 136403, 5, 5, 35),
('1436', 'VW', 'Touran', 'automatik', 3, 3, 90683, 5, 7, 52),
('1437', 'Ford', 'S-Max', 'automatik', 3, 3, 61941, 5, 7, 85),
('1438', 'Opel', 'Zafira', 'manuell', 3, 1, 163101, 5, 7, 107),
('1439', 'Renault', 'Espace', 'automatik', 3, 1, 98924, 5, 7, 114),
('1440', 'Citroën', 'Grand C4 SpaceTourer', 'automatik', 3, 3, 30403, 5, 7, 48),
('1441', 'Mercedes-Benz', 'Sprinter', 'manuell', 4, 2, 117823, 4, 9, 27),
('1442', 'Ford', 'Transit', 'manuell', 4, 2, 40323, 4, 9, 164),
('1443', 'VW', 'Crafter', 'automatik', 4, 1, 16735, 4, 9, 72),
('1444', 'Peugeot', 'Boxer', 'manuell', 4, 1, 92187, 4, 9, 155),
('1445', 'Renault', 'Master', 'automatik', 4, 1, 148236, 4, 9, 38),
('1446', 'VW', 'Tiguan', 'automatik', 5, 2, 55889, 5, 5, 31),
('1447', 'BMW', 'X1', 'automatik', 5, 2, 158463, 5, 5, 116),
('1448', 'Audi', 'Q3', 'automatik', 5, 3, 72246, 5, 5, 120),
('1449', 'Mercedes-Benz', 'GLA', 'automatik', 5, 1, 122920, 5, 5, 145),
('1450', 'Hyundai', 'Tucson', 'automatik', 5, 1, 141229, 5, 5, 99),
('1451', 'Kia', 'Sportage', 'automatik', 5, 2, 142080, 5, 5, 32),
('1452', 'Ford', 'Kuga', 'automatik', 5, 1, 46310, 5, 5, 125),
('1453', 'Opel', 'Grandland', 'automatik', 5, 3, 28370, 5, 5, 157),
('1454', 'Renault', 'Kadjar', 'automatik', 5, 1, 85831, 5, 5, 25),
('1455', 'Peugeot', '3008', 'automatik', 5, 1, 59958, 5, 5, 97),
('1456', 'Dacia', 'Duster', 'manuell', 5, 1, 31237, 5, 5, 81),
('1457', 'Mazda', 'CX-5', 'automatik', 5, 3, 177386, 5, 5, 24),
('1458', 'Toyota', 'RAV4', 'automatik', 5, 1, 109331, 5, 5, 94),
('1459', 'Honda', 'CR-V', 'automatik', 5, 2, 138527, 5, 5, 30),
('1460', 'Skoda', 'Karoq', 'automatik', 5, 3, 65550, 5, 5, 139),
('1461', 'Seat', 'Ateca', 'automatik', 5, 1, 143164, 5, 5, 64),
('1462', 'Nissan', 'Qashqai', 'automatik', 5, 1, 71070, 5, 5, 59),
('1463', 'Subaru', 'Forester', 'automatik', 5, 2, 58332, 5, 5, 2),
('1464', 'Volvo', 'XC40', 'automatik', 5, 3, 135496, 5, 5, 19),
('1465', 'Chevrolet', 'Captiva', 'manuell', 5, 1, 144097, 5, 5, 106),
('1466', 'Ford', 'Ranger', 'manuell', 6, 3, 99110, 4, 5, 121),
('1467', 'Toyota', 'Hilux', 'automatik', 6, 1, 37403, 4, 5, 86),
('1468', 'Nissan', 'Navara', 'manuell', 6, 3, 59423, 4, 5, 77),
('1469', 'Mitsubishi', 'L200', 'manuell', 6, 1, 116414, 4, 5, 69),
('1470', 'Isuzu', 'D-Max', 'manuell', 6, 3, 83866, 4, 5, 26),
('1471', 'Volkswagen', 'Amarok', 'automatik', 6, 3, 84362, 4, 5, 73),
('1472', 'Chevrolet', 'Colorado', 'automatik', 6, 3, 29667, 4, 5, 95),
('1473', 'Mazda', 'BT-50', 'manuell', 6, 2, 137947, 4, 5, 61),
('1474', 'Jeep', 'Gladiator', 'automatik', 6, 1, 152987, 4, 5, 3),
('1475', 'Ram', '1500', 'automatik', 6, 1, 141336, 4, 5, 106),
('1476', 'BMW', '2er Cabrio', 'automatik', 7, 3, 70291, 2, 4, 163),
('1477', 'Audi', 'A3 Cabriolet', 'automatik', 7, 1, 154379, 2, 4, 113),
('1478', 'Mercedes-Benz', 'C-Klasse Cabrio', 'automatik', 7, 1, 60227, 2, 4, 149),
('1479', 'VW', 'T-Roc Cabrio', 'automatik', 7, 1, 144026, 2, 4, 85),
('1480', 'Mini', 'Cabrio', 'manuell', 7, 3, 69812, 2, 4, 74),
('1481', 'Mazda', 'MX-5', 'manuell', 7, 1, 57047, 2, 2, 29),
('1482', 'Fiat', '124 Spider', 'manuell', 7, 1, 53100, 2, 2, 165),
('1483', 'Ford', 'Mustang Cabrio', 'automatik', 7, 2, 149459, 2, 4, 5),
('1484', 'Opel', 'Cascada', 'automatik', 7, 3, 79298, 2, 4, 126),
('1485', 'Peugeot', '308 CC', 'manuell', 7, 2, 33835, 2, 4, 89),
('1486', 'Renault', 'Mégane CC', 'manuell', 7, 2, 50337, 2, 4, 34),
('1487', 'Volkswagen', 'Eos', 'automatik', 7, 1, 37672, 2, 4, 138),
('1488', 'Saab', '9-3 Cabrio', 'automatik', 7, 3, 55002, 2, 4, 131),
('1489', 'Chevrolet', 'Camaro Cabrio', 'automatik', 7, 3, 162690, 2, 4, 144),
('1490', 'Chrysler', 'Sebring Cabrio', 'automatik', 7, 1, 41731, 2, 4, 119),
('1491', 'Citroën', 'C3 Pluriel', 'manuell', 7, 3, 146226, 2, 4, 9),
('1492', 'Smart', 'Fortwo Cabrio', 'automatik', 7, 3, 83814, 2, 2, 103),
('1493', 'BMW', 'Z4 Cabrio', 'automatik', 7, 3, 11848, 2, 2, 162),
('1494', 'Audi', 'TT Roadster', 'automatik', 7, 1, 20823, 2, 2, 45),
('1495', 'Mercedes-Benz', 'SLK', 'automatik', 7, 3, 137111, 2, 2, 99),
('1496', 'Mazda', 'MX-5 RF', 'manuell', 8, 3, 117614, 2, 2, 66),
('1497', 'BMW', 'Z4', 'automatik', 8, 3, 85795, 2, 2, 127),
('1498', 'Porsche', 'Boxster', 'automatik', 8, 1, 10794, 2, 2, 105),
('1499', 'Audi', 'TT Roadster', 'automatik', 8, 1, 28355, 2, 2, 53),
('1500', 'Mercedes-Benz', 'SLK', 'automatik', 8, 3, 111294, 2, 2, 118),
('1501', 'Fiat', '124 Spider', 'manuell', 8, 1, 119596, 2, 2, 18),
('1502', 'Honda', 'S2000', 'manuell', 8, 3, 106233, 2, 2, 48),
('1503', 'MG', 'TF', 'manuell', 8, 2, 63870, 2, 2, 86),
('1504', 'Toyota', 'MR2', 'manuell', 8, 2, 53908, 2, 2, 165),
('1505', 'Alfa Romeo', 'Spider', 'manuell', 8, 3, 36805, 2, 2, 87),
('1506', 'Lotus', 'Elise', 'manuell', 8, 2, 174407, 2, 2, 44),
('1507', 'Chevrolet', 'Corvette C5', 'automatik', 8, 1, 132848, 2, 2, 84),
('1508', 'Daihatsu', 'Copen', 'manuell', 8, 3, 111644, 2, 2, 65),
('1509', 'Opel', 'GT', 'manuell', 8, 1, 22436, 2, 2, 26),
('1510', 'Renault', 'Wind', 'manuell', 8, 1, 155059, 2, 2, 145),
('1511', 'Tesla', 'Roadster', 'automatik', 8, 1, 123504, 2, 2, 95),
('1512', 'Peugeot', '207 CC', 'manuell', 8, 3, 149737, 2, 2, 99),
('1513', 'Volkswagen', 'Karmann Ghia', 'manuell', 8, 1, 34827, 2, 2, 44),
('1514', 'Chrysler', 'Crossfire', 'automatik', 8, 3, 16197, 2, 2, 50),
('1515', 'Mini', 'Roadster', 'manuell', 8, 3, 112399, 2, 2, 124),
('1516', 'BMW', '5er', 'automatik', 9, 3, 27100, 4, 5, 159),
('1517', 'Mercedes-Benz', 'E-Klasse', 'automatik', 9, 2, 56740, 4, 5, 136),
('1518', 'Audi', 'A6', 'automatik', 9, 2, 51136, 4, 5, 76),
('1519', 'Skoda', 'Superb', 'automatik', 9, 2, 68702, 4, 5, 124),
('1520', 'Volkswagen', 'Arteon', 'automatik', 9, 3, 27459, 4, 5, 104),
('1521', 'Ford', 'Mondeo', 'manuell', 9, 3, 113057, 4, 5, 136),
('1522', 'Hyundai', 'i40', 'automatik', 9, 2, 88897, 4, 5, 145),
('1523', 'Kia', 'Optima', 'automatik', 9, 3, 107055, 4, 5, 47),
('1524', 'Toyota', 'Camry', 'automatik', 9, 2, 113686, 4, 5, 166),
('1525', 'Mazda', '6', 'automatik', 9, 2, 92701, 4, 5, 155),
('1526', 'Renault', 'Talisman', 'automatik', 9, 3, 56305, 4, 5, 141),
('1527', 'Peugeot', '508', 'automatik', 9, 2, 161425, 4, 5, 77),
('1528', 'Volvo', 'S90', 'automatik', 9, 1, 104033, 4, 5, 18),
('1529', 'Opel', 'Insignia', 'automatik', 9, 2, 139007, 4, 5, 158),
('1530', 'Honda', 'Accord', 'automatik', 9, 2, 105457, 4, 5, 97),
('1531', 'Subaru', 'Legacy', 'manuell', 9, 2, 17283, 4, 5, 140),
('1532', 'Chevrolet', 'Malibu', 'automatik', 9, 1, 136560, 4, 5, 107),
('1533', 'Citroën', 'C5', 'automatik', 9, 2, 138075, 4, 5, 18),
('1534', 'Dacia', 'Logan', 'manuell', 9, 3, 160274, 4, 5, 96),
('1535', 'Alfa Romeo', 'Giulia', 'automatik', 9, 3, 124447, 4, 5, 45),
('1536', 'Hymer', 'B-Klasse ModernComfort', 'automatik', 10, 3, 47344, 3, 4, 84),
('1537', 'Knaus', 'Sky TI', 'manuell', 10, 2, 130910, 3, 4, 113),
('1538', 'Dethleffs', 'Trend T', 'manuell', 10, 3, 113350, 3, 4, 149),
('1539', 'Carado', 'T448', 'manuell', 10, 3, 135983, 3, 4, 134),
('1540', 'Weinsberg', 'CaraSuite', 'manuell', 10, 1, 51155, 3, 4, 142),
('1541', 'Porsche', '911', 'automatik', 11, 3, 30264, 2, 4, 132),
('1542', 'Ferrari', '488 GTB', 'automatik', 11, 1, 163266, 2, 2, 155),
('1543', 'Lamborghini', 'Huracán', 'automatik', 11, 3, 59968, 2, 2, 57),
('1544', 'McLaren', '570S', 'automatik', 11, 3, 19387, 2, 2, 3),
('1545', 'Chevrolet', 'Corvette', 'automatik', 11, 2, 129975, 2, 2, 143),
('1546', 'Audi', 'R8', 'automatik', 11, 2, 91250, 2, 2, 117),
('1547', 'Nissan', 'GT-R', 'automatik', 11, 2, 98710, 2, 4, 153),
('1548', 'BMW', 'M4', 'automatik', 11, 3, 52473, 2, 4, 166),
('1549', 'Mercedes-Benz', 'AMG GT', 'automatik', 11, 2, 98098, 2, 2, 148),
('1550', 'Jaguar', 'F-Type', 'automatik', 11, 1, 75345, 2, 2, 111),
('1551', 'VW', 'Up', 'manuell', 1, 1, 127288, 3, 4, 147),
('1552', 'Opel', 'Corsa', 'automatik', 1, 3, 163035, 5, 5, 94),
('1553', 'Renault', 'Twingo', 'manuell', 1, 3, 125723, 3, 4, 145),
('1554', 'Hyundai', 'i10', 'automatik', 1, 1, 21472, 5, 5, 149),
('1555', 'Peugeot', '208', 'manuell', 1, 3, 164337, 5, 5, 32),
('1556', 'Fiat', 'Panda', 'manuell', 1, 3, 55845, 5, 4, 65),
('1557', 'Toyota', 'Aygo', 'automatik', 1, 2, 157228, 5, 4, 15),
('1558', 'Kia', 'Picanto', 'manuell', 1, 2, 176599, 5, 5, 67),
('1559', 'Seat', 'Mii', 'manuell', 1, 3, 61666, 3, 4, 67),
('1560', 'Citroën', 'C1', 'automatik', 1, 1, 39070, 3, 4, 47),
('1561', 'Ford', 'Ka+', 'manuell', 1, 3, 144896, 5, 5, 136),
('1562', 'Chevrolet', 'Spark', 'manuell', 1, 2, 105947, 5, 4, 23),
('1563', 'Skoda', 'Citigo', 'manuell', 1, 1, 112535, 3, 4, 166),
('1564', 'Mitsubishi', 'Space Star', 'automatik', 1, 2, 127027, 5, 5, 72),
('1565', 'Suzuki', 'Celerio', 'manuell', 1, 2, 122310, 5, 5, 7),
('1566', 'Dacia', 'Sandero', 'manuell', 1, 2, 102856, 5, 5, 18),
('1567', 'Nissan', 'Micra', 'automatik', 1, 3, 71402, 5, 5, 166),
('1568', 'Mazda', '2', 'manuell', 1, 3, 46550, 5, 5, 136),
('1569', 'Honda', 'Jazz', 'automatik', 1, 2, 91650, 5, 5, 7),
('1570', 'Smart', 'Forfour', 'manuell', 1, 3, 50335, 4, 4, 10),
('1571', 'VW', 'Passat Variant', 'automatik', 2, 1, 164056, 5, 5, 42),
('1572', 'Ford', 'Focus Turnier', 'manuell', 2, 3, 89734, 5, 5, 160),
('1573', 'Opel', 'Astra Sports Tourer', 'automatik', 2, 3, 142449, 5, 5, 71),
('1574', 'Skoda', 'Octavia Combi', 'automatik', 2, 2, 45323, 5, 5, 159),
('1575', 'BMW', '3er Touring', 'automatik', 2, 1, 108749, 5, 5, 47),
('1576', 'Mercedes-Benz', 'C-Klasse T-Modell', 'automatik', 2, 1, 96790, 5, 5, 80),
('1577', 'Audi', 'A4 Avant', 'automatik', 2, 2, 101936, 5, 5, 144),
('1578', 'Peugeot', '308 SW', 'manuell', 2, 2, 61853, 5, 5, 113),
('1579', 'Hyundai', 'i30 Kombi', 'manuell', 2, 1, 172981, 5, 5, 9),
('1580', 'Kia', 'Ceed SW', 'automatik', 2, 1, 100281, 5, 5, 151),
('1581', 'Renault', 'Mégane Grandtour', 'manuell', 2, 3, 140998, 5, 5, 77),
('1582', 'Mazda', '6 Kombi', 'automatik', 2, 3, 79389, 5, 5, 38),
('1583', 'Volvo', 'V60', 'automatik', 2, 2, 125755, 5, 5, 92),
('1584', 'Toyota', 'Corolla Touring Sports', 'automatik', 2, 3, 142211, 5, 5, 72),
('1585', 'Honda', 'Civic Tourer', 'manuell', 2, 1, 170279, 5, 5, 110),
('1586', 'Dacia', 'Logan MCV', 'manuell', 2, 2, 149964, 5, 5, 132),
('1587', 'Fiat', 'Tipo Kombi', 'automatik', 2, 1, 74555, 5, 5, 149),
('1588', 'Subaru', 'Levorg', 'automatik', 2, 2, 102429, 5, 5, 87),
('1589', 'Seat', 'Leon ST', 'automatik', 2, 1, 59794, 5, 5, 107),
('1590', 'Chevrolet', 'Cruze Station Wagon', 'manuell', 2, 2, 36332, 5, 5, 24),
('1591', 'VW', 'Touran', 'automatik', 3, 3, 168574, 5, 7, 117),
('1592', 'Ford', 'S-Max', 'automatik', 3, 3, 64333, 5, 7, 106),
('1593', 'Opel', 'Zafira', 'manuell', 3, 3, 114352, 5, 7, 158),
('1594', 'Renault', 'Espace', 'automatik', 3, 3, 177264, 5, 7, 57),
('1595', 'Citroën', 'Grand C4 SpaceTourer', 'automatik', 3, 3, 20405, 5, 7, 12),
('1596', 'Mercedes-Benz', 'Sprinter', 'manuell', 4, 3, 147728, 4, 9, 31),
('1597', 'Ford', 'Transit', 'manuell', 4, 1, 172637, 4, 9, 81),
('1598', 'VW', 'Crafter', 'automatik', 4, 1, 141432, 4, 9, 89),
('1599', 'Peugeot', 'Boxer', 'manuell', 4, 3, 76050, 4, 9, 38),
('1600', 'Renault', 'Master', 'automatik', 4, 3, 27532, 4, 9, 81),
('1601', 'VW', 'Tiguan', 'automatik', 5, 3, 22910, 5, 5, 140),
('1602', 'BMW', 'X1', 'automatik', 5, 3, 166570, 5, 5, 114),
('1603', 'Audi', 'Q3', 'automatik', 5, 1, 40979, 5, 5, 143),
('1604', 'Mercedes-Benz', 'GLA', 'automatik', 5, 3, 85985, 5, 5, 146),
('1605', 'Hyundai', 'Tucson', 'automatik', 5, 1, 171048, 5, 5, 37),
('1606', 'Kia', 'Sportage', 'automatik', 5, 2, 94248, 5, 5, 93),
('1607', 'Ford', 'Kuga', 'automatik', 5, 3, 78015, 5, 5, 2),
('1608', 'Opel', 'Grandland', 'automatik', 5, 1, 149226, 5, 5, 8),
('1609', 'Renault', 'Kadjar', 'automatik', 5, 1, 37555, 5, 5, 100),
('1610', 'Peugeot', '3008', 'automatik', 5, 3, 172688, 5, 5, 161),
('1611', 'Dacia', 'Duster', 'manuell', 5, 2, 56607, 5, 5, 163),
('1612', 'Mazda', 'CX-5', 'automatik', 5, 2, 171029, 5, 5, 4),
('1613', 'Toyota', 'RAV4', 'automatik', 5, 2, 31235, 5, 5, 38),
('1614', 'Honda', 'CR-V', 'automatik', 5, 2, 168460, 5, 5, 60),
('1615', 'Skoda', 'Karoq', 'automatik', 5, 1, 141044, 5, 5, 77),
('1616', 'Seat', 'Ateca', 'automatik', 5, 2, 150175, 5, 5, 57),
('1617', 'Nissan', 'Qashqai', 'automatik', 5, 3, 174465, 5, 5, 76),
('1618', 'Subaru', 'Forester', 'automatik', 5, 1, 104062, 5, 5, 65),
('1619', 'Volvo', 'XC40', 'automatik', 5, 2, 90578, 5, 5, 2),
('1620', 'Chevrolet', 'Captiva', 'manuell', 5, 3, 128571, 5, 5, 44),
('1621', 'Ford', 'Ranger', 'manuell', 6, 1, 159100, 4, 5, 155),
('1622', 'Toyota', 'Hilux', 'automatik', 6, 1, 53365, 4, 5, 8),
('1623', 'Nissan', 'Navara', 'manuell', 6, 2, 54678, 4, 5, 49),
('1624', 'Mitsubishi', 'L200', 'manuell', 6, 3, 175289, 4, 5, 94),
('1625', 'Isuzu', 'D-Max', 'manuell', 6, 1, 55299, 4, 5, 45),
('1626', 'Volkswagen', 'Amarok', 'automatik', 6, 3, 61353, 4, 5, 127),
('1627', 'Chevrolet', 'Colorado', 'automatik', 6, 1, 155217, 4, 5, 150),
('1628', 'Mazda', 'BT-50', 'manuell', 6, 2, 64048, 4, 5, 116),
('1629', 'Jeep', 'Gladiator', 'automatik', 6, 1, 49352, 4, 5, 55),
('1630', 'Ram', '1500', 'automatik', 6, 1, 159081, 4, 5, 42),
('1631', 'BMW', '2er Cabrio', 'automatik', 7, 3, 29921, 2, 4, 106),
('1632', 'Audi', 'A3 Cabriolet', 'automatik', 7, 3, 36575, 2, 4, 44),
('1633', 'Mercedes-Benz', 'C-Klasse Cabrio', 'automatik', 7, 3, 24329, 2, 4, 110),
('1634', 'VW', 'T-Roc Cabrio', 'automatik', 7, 3, 124504, 2, 4, 125),
('1635', 'Mini', 'Cabrio', 'manuell', 7, 1, 108280, 2, 4, 41),
('1636', 'Mazda', 'MX-5', 'manuell', 7, 3, 97958, 2, 2, 25),
('1637', 'Fiat', '124 Spider', 'manuell', 7, 2, 171036, 2, 2, 145),
('1638', 'Ford', 'Mustang Cabrio', 'automatik', 7, 2, 84267, 2, 4, 118),
('1639', 'Opel', 'Cascada', 'automatik', 7, 3, 96934, 2, 4, 88),
('1640', 'Peugeot', '308 CC', 'manuell', 7, 2, 110557, 2, 4, 96),
('1641', 'Renault', 'Mégane CC', 'manuell', 7, 1, 12280, 2, 4, 74),
('1642', 'Volkswagen', 'Eos', 'automatik', 7, 2, 158969, 2, 4, 91),
('1643', 'Saab', '9-3 Cabrio', 'automatik', 7, 1, 104095, 2, 4, 45),
('1644', 'Chevrolet', 'Camaro Cabrio', 'automatik', 7, 1, 158933, 2, 4, 24),
('1645', 'Chrysler', 'Sebring Cabrio', 'automatik', 7, 1, 150567, 2, 4, 134),
('1646', 'Citroën', 'C3 Pluriel', 'manuell', 7, 2, 130124, 2, 4, 114),
('1647', 'Smart', 'Fortwo Cabrio', 'automatik', 7, 1, 84620, 2, 2, 2),
('1648', 'BMW', 'Z4 Cabrio', 'automatik', 7, 1, 125871, 2, 2, 139),
('1649', 'Audi', 'TT Roadster', 'automatik', 7, 2, 27392, 2, 2, 79),
('1650', 'Mercedes-Benz', 'SLK', 'automatik', 7, 2, 111189, 2, 2, 59),
('1651', 'Mazda', 'MX-5 RF', 'manuell', 8, 3, 17671, 2, 2, 141),
('1652', 'BMW', 'Z4', 'automatik', 8, 2, 20083, 2, 2, 20),
('1653', 'Porsche', 'Boxster', 'automatik', 8, 3, 75458, 2, 2, 44),
('1654', 'Audi', 'TT Roadster', 'automatik', 8, 2, 137134, 2, 2, 10),
('1655', 'Mercedes-Benz', 'SLK', 'automatik', 8, 3, 162666, 2, 2, 52),
('1656', 'Fiat', '124 Spider', 'manuell', 8, 2, 12218, 2, 2, 35),
('1657', 'Honda', 'S2000', 'manuell', 8, 1, 159114, 2, 2, 154),
('1658', 'MG', 'TF', 'manuell', 8, 1, 83229, 2, 2, 47),
('1659', 'Toyota', 'MR2', 'manuell', 8, 3, 57357, 2, 2, 121),
('1660', 'Alfa Romeo', 'Spider', 'manuell', 8, 3, 129235, 2, 2, 100),
('1661', 'Lotus', 'Elise', 'manuell', 8, 1, 124859, 2, 2, 12),
('1662', 'Chevrolet', 'Corvette C5', 'automatik', 8, 1, 124737, 2, 2, 73),
('1663', 'Daihatsu', 'Copen', 'manuell', 8, 2, 90166, 2, 2, 95),
('1664', 'Opel', 'GT', 'manuell', 8, 2, 50213, 2, 2, 142),
('1665', 'Renault', 'Wind', 'manuell', 8, 1, 118692, 2, 2, 9),
('1666', 'Tesla', 'Roadster', 'automatik', 8, 2, 95282, 2, 2, 137),
('1667', 'Peugeot', '207 CC', 'manuell', 8, 3, 47750, 2, 2, 151),
('1668', 'Volkswagen', 'Karmann Ghia', 'manuell', 8, 2, 77461, 2, 2, 115),
('1669', 'Chrysler', 'Crossfire', 'automatik', 8, 3, 92547, 2, 2, 135),
('1670', 'Mini', 'Roadster', 'manuell', 8, 2, 125320, 2, 2, 135),
('1671', 'BMW', '5er', 'automatik', 9, 3, 102065, 4, 5, 51),
('1672', 'Mercedes-Benz', 'E-Klasse', 'automatik', 9, 1, 81590, 4, 5, 74),
('1673', 'Audi', 'A6', 'automatik', 9, 2, 14231, 4, 5, 153),
('1674', 'Skoda', 'Superb', 'automatik', 9, 1, 143390, 4, 5, 24),
('1675', 'Volkswagen', 'Arteon', 'automatik', 9, 2, 30661, 4, 5, 17),
('1676', 'Ford', 'Mondeo', 'manuell', 9, 2, 107369, 4, 5, 135),
('1677', 'Hyundai', 'i40', 'automatik', 9, 2, 62981, 4, 5, 29),
('1678', 'Kia', 'Optima', 'automatik', 9, 1, 14222, 4, 5, 42),
('1679', 'Toyota', 'Camry', 'automatik', 9, 2, 149882, 4, 5, 73),
('1680', 'Mazda', '6', 'automatik', 9, 1, 21480, 4, 5, 109),
('1681', 'Renault', 'Talisman', 'automatik', 9, 3, 152948, 4, 5, 124),
('1682', 'Peugeot', '508', 'automatik', 9, 1, 106618, 4, 5, 145),
('1683', 'Volvo', 'S90', 'automatik', 9, 1, 126286, 4, 5, 48),
('1684', 'Opel', 'Insignia', 'automatik', 9, 1, 101527, 4, 5, 93),
('1685', 'Honda', 'Accord', 'automatik', 9, 2, 56946, 4, 5, 130),
('1686', 'Subaru', 'Legacy', 'manuell', 9, 1, 81226, 4, 5, 8),
('1687', 'Chevrolet', 'Malibu', 'automatik', 9, 2, 18569, 4, 5, 82),
('1688', 'Citroën', 'C5', 'automatik', 9, 2, 151959, 4, 5, 48),
('1689', 'Dacia', 'Logan', 'manuell', 9, 2, 148437, 4, 5, 131),
('1690', 'Alfa Romeo', 'Giulia', 'automatik', 9, 3, 140217, 4, 5, 143),
('1691', 'Hymer', 'B-Klasse ModernComfort', 'automatik', 10, 2, 56779, 3, 4, 23),
('1692', 'Knaus', 'Sky TI', 'manuell', 10, 2, 13340, 3, 4, 57),
('1693', 'Dethleffs', 'Trend T', 'manuell', 10, 1, 165297, 3, 4, 53),
('1694', 'Carado', 'T448', 'manuell', 10, 3, 131747, 3, 4, 89),
('1695', 'Weinsberg', 'CaraSuite', 'manuell', 10, 1, 130299, 3, 4, 113),
('1696', 'Porsche', '911', 'automatik', 11, 1, 73278, 2, 4, 162),
('1697', 'Ferrari', '488 GTB', 'automatik', 11, 3, 42632, 2, 2, 46),
('1698', 'Lamborghini', 'Huracán', 'automatik', 11, 2, 132131, 2, 2, 116),
('1699', 'McLaren', '570S', 'automatik', 11, 2, 88675, 2, 2, 27),
('1700', 'Chevrolet', 'Corvette', 'automatik', 11, 3, 83026, 2, 2, 128),
('1701', 'Audi', 'R8', 'automatik', 11, 1, 16429, 2, 2, 123),
('1702', 'Nissan', 'GT-R', 'automatik', 11, 1, 98059, 2, 4, 88),
('1703', 'BMW', 'M4', 'automatik', 11, 2, 144404, 2, 4, 19),
('1704', 'Mercedes-Benz', 'AMG GT', 'automatik', 11, 3, 95200, 2, 2, 106),
('1705', 'Jaguar', 'F-Type', 'automatik', 11, 1, 153840, 2, 2, 28),
('1706', 'VW', 'Up', 'manuell', 1, 3, 47726, 3, 4, 132),
('1707', 'Opel', 'Corsa', 'automatik', 1, 1, 91162, 5, 5, 161),
('1708', 'Renault', 'Twingo', 'manuell', 1, 1, 54787, 3, 4, 160),
('1709', 'Hyundai', 'i10', 'automatik', 1, 1, 61035, 5, 5, 33),
('1710', 'Peugeot', '208', 'manuell', 1, 3, 79875, 5, 5, 42),
('1711', 'Fiat', 'Panda', 'manuell', 1, 1, 89509, 5, 4, 27),
('1712', 'Toyota', 'Aygo', 'automatik', 1, 1, 120212, 5, 4, 1),
('1713', 'Kia', 'Picanto', 'manuell', 1, 3, 108082, 5, 5, 32),
('1714', 'Seat', 'Mii', 'manuell', 1, 1, 52102, 3, 4, 17),
('1715', 'Citroën', 'C1', 'automatik', 1, 3, 152700, 3, 4, 119),
('1716', 'Ford', 'Ka+', 'manuell', 1, 1, 30632, 5, 5, 89),
('1717', 'Chevrolet', 'Spark', 'manuell', 1, 1, 98273, 5, 4, 103),
('1718', 'Skoda', 'Citigo', 'manuell', 1, 3, 90990, 3, 4, 94),
('1719', 'Mitsubishi', 'Space Star', 'automatik', 1, 3, 125123, 5, 5, 49),
('1720', 'Suzuki', 'Celerio', 'manuell', 1, 2, 82484, 5, 5, 58),
('1721', 'Dacia', 'Sandero', 'manuell', 1, 2, 12465, 5, 5, 58),
('1722', 'Nissan', 'Micra', 'automatik', 1, 1, 154532, 5, 5, 92),
('1723', 'Mazda', '2', 'manuell', 1, 2, 45381, 5, 5, 16),
('1724', 'Honda', 'Jazz', 'automatik', 1, 3, 44667, 5, 5, 86),
('1725', 'Smart', 'Forfour', 'manuell', 1, 3, 67867, 4, 4, 87),
('1726', 'VW', 'Passat Variant', 'automatik', 2, 1, 91685, 5, 5, 134),
('1727', 'Ford', 'Focus Turnier', 'manuell', 2, 1, 78414, 5, 5, 122),
('1728', 'Opel', 'Astra Sports Tourer', 'automatik', 2, 1, 75262, 5, 5, 106),
('1729', 'Skoda', 'Octavia Combi', 'automatik', 2, 1, 152636, 5, 5, 6),
('1730', 'BMW', '3er Touring', 'automatik', 2, 3, 103000, 5, 5, 13),
('1731', 'Mercedes-Benz', 'C-Klasse T-Modell', 'automatik', 2, 1, 149129, 5, 5, 81),
('1732', 'Audi', 'A4 Avant', 'automatik', 2, 2, 169138, 5, 5, 162),
('1733', 'Peugeot', '308 SW', 'manuell', 2, 3, 56656, 5, 5, 109),
('1734', 'Hyundai', 'i30 Kombi', 'manuell', 2, 3, 129463, 5, 5, 111),
('1735', 'Kia', 'Ceed SW', 'automatik', 2, 1, 69820, 5, 5, 110),
('1736', 'Renault', 'Mégane Grandtour', 'manuell', 2, 3, 79238, 5, 5, 102),
('1737', 'Mazda', '6 Kombi', 'automatik', 2, 3, 13612, 5, 5, 107),
('1738', 'Volvo', 'V60', 'automatik', 2, 1, 96921, 5, 5, 81),
('1739', 'Toyota', 'Corolla Touring Sports', 'automatik', 2, 1, 162001, 5, 5, 132),
('1740', 'Honda', 'Civic Tourer', 'manuell', 2, 2, 19074, 5, 5, 106),
('1741', 'Dacia', 'Logan MCV', 'manuell', 2, 3, 72431, 5, 5, 84),
('1742', 'Fiat', 'Tipo Kombi', 'automatik', 2, 2, 149857, 5, 5, 82),
('1743', 'Subaru', 'Levorg', 'automatik', 2, 2, 102724, 5, 5, 157),
('1744', 'Seat', 'Leon ST', 'automatik', 2, 3, 28231, 5, 5, 47),
('1745', 'Chevrolet', 'Cruze Station Wagon', 'manuell', 2, 3, 13087, 5, 5, 106),
('1746', 'VW', 'Touran', 'automatik', 3, 2, 84516, 5, 7, 21),
('1747', 'Ford', 'S-Max', 'automatik', 3, 1, 51382, 5, 7, 147),
('1748', 'Opel', 'Zafira', 'manuell', 3, 2, 61693, 5, 7, 22),
('1749', 'Renault', 'Espace', 'automatik', 3, 2, 70222, 5, 7, 121),
('1750', 'Citroën', 'Grand C4 SpaceTourer', 'automatik', 3, 2, 91740, 5, 7, 77),
('1751', 'Mercedes-Benz', 'Sprinter', 'manuell', 4, 2, 95623, 4, 9, 12),
('1752', 'Ford', 'Transit', 'manuell', 4, 1, 141983, 4, 9, 77),
('1753', 'VW', 'Crafter', 'automatik', 4, 1, 152697, 4, 9, 80),
('1754', 'Peugeot', 'Boxer', 'manuell', 4, 2, 52310, 4, 9, 151),
('1755', 'Renault', 'Master', 'automatik', 4, 3, 112618, 4, 9, 1),
('1756', 'VW', 'Tiguan', 'automatik', 5, 1, 120532, 5, 5, 87),
('1757', 'BMW', 'X1', 'automatik', 5, 2, 178579, 5, 5, 2),
('1758', 'Audi', 'Q3', 'automatik', 5, 3, 26277, 5, 5, 73),
('1759', 'Mercedes-Benz', 'GLA', 'automatik', 5, 1, 134018, 5, 5, 9),
('1760', 'Hyundai', 'Tucson', 'automatik', 5, 3, 127318, 5, 5, 65),
('1761', 'Kia', 'Sportage', 'automatik', 5, 3, 120963, 5, 5, 102),
('1762', 'Ford', 'Kuga', 'automatik', 5, 2, 36944, 5, 5, 47),
('1763', 'Opel', 'Grandland', 'automatik', 5, 1, 128962, 5, 5, 6),
('1764', 'Renault', 'Kadjar', 'automatik', 5, 1, 136269, 5, 5, 62),
('1765', 'Peugeot', '3008', 'automatik', 5, 3, 156172, 5, 5, 1),
('1766', 'Dacia', 'Duster', 'manuell', 5, 2, 83027, 5, 5, 153),
('1767', 'Mazda', 'CX-5', 'automatik', 5, 3, 128628, 5, 5, 147),
('1768', 'Toyota', 'RAV4', 'automatik', 5, 3, 144922, 5, 5, 163),
('1769', 'Honda', 'CR-V', 'automatik', 5, 1, 102305, 5, 5, 64),
('1770', 'Skoda', 'Karoq', 'automatik', 5, 2, 130314, 5, 5, 119),
('1771', 'Seat', 'Ateca', 'automatik', 5, 1, 155408, 5, 5, 46),
('1772', 'Nissan', 'Qashqai', 'automatik', 5, 2, 131572, 5, 5, 2),
('1773', 'Subaru', 'Forester', 'automatik', 5, 1, 169404, 5, 5, 25),
('1774', 'Volvo', 'XC40', 'automatik', 5, 2, 93204, 5, 5, 55),
('1775', 'Chevrolet', 'Captiva', 'manuell', 5, 2, 81935, 5, 5, 27),
('1776', 'Ford', 'Ranger', 'manuell', 6, 1, 23326, 4, 5, 16),
('1777', 'Toyota', 'Hilux', 'automatik', 6, 3, 136697, 4, 5, 97),
('1778', 'Nissan', 'Navara', 'manuell', 6, 1, 70568, 4, 5, 117),
('1779', 'Mitsubishi', 'L200', 'manuell', 6, 2, 45366, 4, 5, 57),
('1780', 'Isuzu', 'D-Max', 'manuell', 6, 2, 27314, 4, 5, 7),
('1781', 'Volkswagen', 'Amarok', 'automatik', 6, 3, 100519, 4, 5, 137),
('1782', 'Chevrolet', 'Colorado', 'automatik', 6, 3, 106340, 4, 5, 81),
('1783', 'Mazda', 'BT-50', 'manuell', 6, 3, 67816, 4, 5, 152),
('1784', 'Jeep', 'Gladiator', 'automatik', 6, 3, 31307, 4, 5, 32),
('1785', 'Ram', '1500', 'automatik', 6, 2, 52666, 4, 5, 116),
('1786', 'BMW', '2er Cabrio', 'automatik', 7, 1, 137445, 2, 4, 148),
('1787', 'Audi', 'A3 Cabriolet', 'automatik', 7, 1, 95004, 2, 4, 88),
('1788', 'Mercedes-Benz', 'C-Klasse Cabrio', 'automatik', 7, 2, 81206, 2, 4, 27),
('1789', 'VW', 'T-Roc Cabrio', 'automatik', 7, 2, 170947, 2, 4, 76),
('1790', 'Mini', 'Cabrio', 'manuell', 7, 3, 56032, 2, 4, 21),
('1791', 'Mazda', 'MX-5', 'manuell', 7, 3, 103638, 2, 2, 46),
('1792', 'Fiat', '124 Spider', 'manuell', 7, 3, 179500, 2, 2, 160),
('1793', 'Ford', 'Mustang Cabrio', 'automatik', 7, 3, 101405, 2, 4, 17),
('1794', 'Opel', 'Cascada', 'automatik', 7, 3, 155674, 2, 4, 81),
('1795', 'Peugeot', '308 CC', 'manuell', 7, 3, 107003, 2, 4, 6),
('1796', 'Renault', 'Mégane CC', 'manuell', 7, 1, 61349, 2, 4, 98),
('1797', 'Volkswagen', 'Eos', 'automatik', 7, 2, 24898, 2, 4, 73),
('1798', 'Saab', '9-3 Cabrio', 'automatik', 7, 3, 167376, 2, 4, 46),
('1799', 'Chevrolet', 'Camaro Cabrio', 'automatik', 7, 2, 16556, 2, 4, 73),
('1800', 'Chrysler', 'Sebring Cabrio', 'automatik', 7, 1, 44649, 2, 4, 101),
('1801', 'Citroën', 'C3 Pluriel', 'manuell', 7, 1, 69431, 2, 4, 35),
('1802', 'Smart', 'Fortwo Cabrio', 'automatik', 7, 3, 112209, 2, 2, 84),
('1803', 'BMW', 'Z4 Cabrio', 'automatik', 7, 1, 114195, 2, 2, 109),
('1804', 'Audi', 'TT Roadster', 'automatik', 7, 3, 80877, 2, 2, 60),
('1805', 'Mercedes-Benz', 'SLK', 'automatik', 7, 2, 16237, 2, 2, 106),
('1806', 'Mazda', 'MX-5 RF', 'manuell', 8, 2, 106963, 2, 2, 6),
('1807', 'BMW', 'Z4', 'automatik', 8, 2, 78224, 2, 2, 64),
('1808', 'Porsche', 'Boxster', 'automatik', 8, 2, 70952, 2, 2, 132),
('1809', 'Audi', 'TT Roadster', 'automatik', 8, 2, 156067, 2, 2, 123),
('1810', 'Mercedes-Benz', 'SLK', 'automatik', 8, 3, 83941, 2, 2, 33),
('1811', 'Fiat', '124 Spider', 'manuell', 8, 3, 107068, 2, 2, 20),
('1812', 'Honda', 'S2000', 'manuell', 8, 2, 131524, 2, 2, 35),
('1813', 'MG', 'TF', 'manuell', 8, 1, 95703, 2, 2, 15),
('1814', 'Toyota', 'MR2', 'manuell', 8, 2, 72568, 2, 2, 110),
('1815', 'Alfa Romeo', 'Spider', 'manuell', 8, 2, 63159, 2, 2, 102),
('1816', 'Lotus', 'Elise', 'manuell', 8, 3, 114065, 2, 2, 158),
('1817', 'Chevrolet', 'Corvette C5', 'automatik', 8, 2, 75703, 2, 2, 100),
('1818', 'Daihatsu', 'Copen', 'manuell', 8, 2, 27838, 2, 2, 41),
('1819', 'Opel', 'GT', 'manuell', 8, 2, 117522, 2, 2, 12),
('1820', 'Renault', 'Wind', 'manuell', 8, 1, 106411, 2, 2, 75),
('1821', 'Tesla', 'Roadster', 'automatik', 8, 2, 34328, 2, 2, 108),
('1822', 'Peugeot', '207 CC', 'manuell', 8, 1, 111398, 2, 2, 114),
('1823', 'Volkswagen', 'Karmann Ghia', 'manuell', 8, 3, 13103, 2, 2, 149),
('1824', 'Chrysler', 'Crossfire', 'automatik', 8, 2, 32598, 2, 2, 145),
('1825', 'Mini', 'Roadster', 'manuell', 8, 1, 144799, 2, 2, 147),
('1826', 'BMW', '5er', 'automatik', 9, 2, 14641, 4, 5, 32),
('1827', 'Mercedes-Benz', 'E-Klasse', 'automatik', 9, 3, 153198, 4, 5, 43),
('1828', 'Audi', 'A6', 'automatik', 9, 3, 52818, 4, 5, 60),
('1829', 'Skoda', 'Superb', 'automatik', 9, 2, 73779, 4, 5, 2),
('1830', 'Volkswagen', 'Arteon', 'automatik', 9, 2, 71493, 4, 5, 41),
('1831', 'Ford', 'Mondeo', 'manuell', 9, 2, 34830, 4, 5, 94),
('1832', 'Hyundai', 'i40', 'automatik', 9, 2, 110746, 4, 5, 107),
('1833', 'Kia', 'Optima', 'automatik', 9, 1, 46143, 4, 5, 54),
('1834', 'Toyota', 'Camry', 'automatik', 9, 3, 175628, 4, 5, 52),
('1835', 'Mazda', '6', 'automatik', 9, 2, 126290, 4, 5, 115),
('1836', 'Renault', 'Talisman', 'automatik', 9, 3, 20970, 4, 5, 71),
('1837', 'Peugeot', '508', 'automatik', 9, 3, 80460, 4, 5, 154),
('1838', 'Volvo', 'S90', 'automatik', 9, 2, 91383, 4, 5, 100),
('1839', 'Opel', 'Insignia', 'automatik', 9, 2, 95590, 4, 5, 114),
('1840', 'Honda', 'Accord', 'automatik', 9, 1, 100170, 4, 5, 70),
('1841', 'Subaru', 'Legacy', 'manuell', 9, 3, 145030, 4, 5, 125),
('1842', 'Chevrolet', 'Malibu', 'automatik', 9, 1, 46746, 4, 5, 45),
('1843', 'Citroën', 'C5', 'automatik', 9, 1, 47459, 4, 5, 125),
('1844', 'Dacia', 'Logan', 'manuell', 9, 1, 80419, 4, 5, 64),
('1845', 'Alfa Romeo', 'Giulia', 'automatik', 9, 1, 61784, 4, 5, 35),
('1846', 'Hymer', 'B-Klasse ModernComfort', 'automatik', 10, 2, 25686, 3, 4, 23),
('1847', 'Knaus', 'Sky TI', 'manuell', 10, 2, 91612, 3, 4, 88),
('1848', 'Dethleffs', 'Trend T', 'manuell', 10, 3, 104370, 3, 4, 55),
('1849', 'Carado', 'T448', 'manuell', 10, 2, 128327, 3, 4, 42),
('1850', 'Weinsberg', 'CaraSuite', 'manuell', 10, 3, 132890, 3, 4, 106),
('1851', 'Porsche', '911', 'automatik', 11, 3, 173817, 2, 4, 32),
('1852', 'Ferrari', '488 GTB', 'automatik', 11, 2, 52269, 2, 2, 46),
('1853', 'Lamborghini', 'Huracán', 'automatik', 11, 2, 64145, 2, 2, 143),
('1854', 'McLaren', '570S', 'automatik', 11, 1, 130587, 2, 2, 36),
('1855', 'Chevrolet', 'Corvette', 'automatik', 11, 2, 46837, 2, 2, 136),
('1856', 'Audi', 'R8', 'automatik', 11, 3, 155492, 2, 2, 24),
('1857', 'Nissan', 'GT-R', 'automatik', 11, 3, 22695, 2, 4, 83),
('1858', 'BMW', 'M4', 'automatik', 11, 2, 149027, 2, 4, 128),
('1859', 'Mercedes-Benz', 'AMG GT', 'automatik', 11, 3, 60451, 2, 2, 114),
('1860', 'Jaguar', 'F-Type', 'automatik', 11, 1, 133590, 2, 2, 136),
('1861', 'VW', 'Up', 'manuell', 1, 2, 45060, 3, 4, 71),
('1862', 'Opel', 'Corsa', 'automatik', 1, 2, 41582, 5, 5, 68),
('1863', 'Renault', 'Twingo', 'manuell', 1, 3, 64316, 3, 4, 146),
('1864', 'Hyundai', 'i10', 'automatik', 1, 3, 34751, 5, 5, 4),
('1865', 'Peugeot', '208', 'manuell', 1, 2, 150610, 5, 5, 133),
('1866', 'Fiat', 'Panda', 'manuell', 1, 3, 63399, 5, 4, 2),
('1867', 'Toyota', 'Aygo', 'automatik', 1, 2, 80227, 5, 4, 160),
('1868', 'Kia', 'Picanto', 'manuell', 1, 2, 143472, 5, 5, 53),
('1869', 'Seat', 'Mii', 'manuell', 1, 3, 163656, 3, 4, 143),
('1870', 'Citroën', 'C1', 'automatik', 1, 1, 71581, 3, 4, 120),
('1871', 'Ford', 'Ka+', 'manuell', 1, 3, 46053, 5, 5, 54),
('1872', 'Chevrolet', 'Spark', 'manuell', 1, 2, 17534, 5, 4, 134),
('1873', 'Skoda', 'Citigo', 'manuell', 1, 3, 26009, 3, 4, 57),
('1874', 'Mitsubishi', 'Space Star', 'automatik', 1, 2, 54594, 5, 5, 28),
('1875', 'Suzuki', 'Celerio', 'manuell', 1, 2, 163000, 5, 5, 158),
('1876', 'Dacia', 'Sandero', 'manuell', 1, 3, 162608, 5, 5, 23),
('1877', 'Nissan', 'Micra', 'automatik', 1, 2, 118672, 5, 5, 85),
('1878', 'Mazda', '2', 'manuell', 1, 3, 34132, 5, 5, 157),
('1879', 'Honda', 'Jazz', 'automatik', 1, 1, 155264, 5, 5, 148),
('1880', 'Smart', 'Forfour', 'manuell', 1, 2, 121141, 4, 4, 156),
('1881', 'VW', 'Passat Variant', 'automatik', 2, 1, 50815, 5, 5, 16),
('1882', 'Ford', 'Focus Turnier', 'manuell', 2, 1, 32425, 5, 5, 156),
('1883', 'Opel', 'Astra Sports Tourer', 'automatik', 2, 1, 162313, 5, 5, 160),
('1884', 'Skoda', 'Octavia Combi', 'automatik', 2, 1, 96329, 5, 5, 9),
('1885', 'BMW', '3er Touring', 'automatik', 2, 2, 73667, 5, 5, 127),
('1886', 'Mercedes-Benz', 'C-Klasse T-Modell', 'automatik', 2, 3, 63463, 5, 5, 48),
('1887', 'Audi', 'A4 Avant', 'automatik', 2, 3, 13726, 5, 5, 108),
('1888', 'Peugeot', '308 SW', 'manuell', 2, 3, 46144, 5, 5, 137),
('1889', 'Hyundai', 'i30 Kombi', 'manuell', 2, 2, 56032, 5, 5, 165),
('1890', 'Kia', 'Ceed SW', 'automatik', 2, 3, 80065, 5, 5, 47),
('1891', 'Renault', 'Mégane Grandtour', 'manuell', 2, 1, 158823, 5, 5, 29),
('1892', 'Mazda', '6 Kombi', 'automatik', 2, 3, 104345, 5, 5, 117),
('1893', 'Volvo', 'V60', 'automatik', 2, 1, 93401, 5, 5, 71),
('1894', 'Toyota', 'Corolla Touring Sports', 'automatik', 2, 1, 30335, 5, 5, 43),
('1895', 'Honda', 'Civic Tourer', 'manuell', 2, 3, 53549, 5, 5, 117),
('1896', 'Dacia', 'Logan MCV', 'manuell', 2, 3, 116569, 5, 5, 64),
('1897', 'Fiat', 'Tipo Kombi', 'automatik', 2, 2, 132748, 5, 5, 48),
('1898', 'Subaru', 'Levorg', 'automatik', 2, 1, 126749, 5, 5, 164),
('1899', 'Seat', 'Leon ST', 'automatik', 2, 2, 172952, 5, 5, 129),
('1900', 'Chevrolet', 'Cruze Station Wagon', 'manuell', 2, 3, 127659, 5, 5, 106),
('1901', 'VW', 'Touran', 'automatik', 3, 1, 141991, 5, 7, 32),
('1902', 'Ford', 'S-Max', 'automatik', 3, 2, 18441, 5, 7, 65),
('1903', 'Opel', 'Zafira', 'manuell', 3, 2, 82040, 5, 7, 46),
('1904', 'Renault', 'Espace', 'automatik', 3, 3, 152894, 5, 7, 55),
('1905', 'Citroën', 'Grand C4 SpaceTourer', 'automatik', 3, 3, 113376, 5, 7, 104),
('1906', 'Mercedes-Benz', 'Sprinter', 'manuell', 4, 1, 94361, 4, 9, 140),
('1907', 'Ford', 'Transit', 'manuell', 4, 2, 68640, 4, 9, 49),
('1908', 'VW', 'Crafter', 'automatik', 4, 1, 85263, 4, 9, 39),
('1909', 'Peugeot', 'Boxer', 'manuell', 4, 1, 102899, 4, 9, 154),
('1910', 'Renault', 'Master', 'automatik', 4, 3, 60824, 4, 9, 113),
('1911', 'VW', 'Tiguan', 'automatik', 5, 1, 23446, 5, 5, 109),
('1912', 'BMW', 'X1', 'automatik', 5, 2, 53657, 5, 5, 147),
('1913', 'Audi', 'Q3', 'automatik', 5, 3, 133510, 5, 5, 112),
('1914', 'Mercedes-Benz', 'GLA', 'automatik', 5, 1, 79634, 5, 5, 59),
('1915', 'Hyundai', 'Tucson', 'automatik', 5, 1, 110124, 5, 5, 79),
('1916', 'Kia', 'Sportage', 'automatik', 5, 2, 71958, 5, 5, 13),
('1917', 'Ford', 'Kuga', 'automatik', 5, 3, 106929, 5, 5, 52),
('1918', 'Opel', 'Grandland', 'automatik', 5, 3, 124542, 5, 5, 94),
('1919', 'Renault', 'Kadjar', 'automatik', 5, 2, 36853, 5, 5, 64),
('1920', 'Peugeot', '3008', 'automatik', 5, 2, 17586, 5, 5, 115),
('1921', 'Dacia', 'Duster', 'manuell', 5, 1, 16876, 5, 5, 60),
('1922', 'Mazda', 'CX-5', 'automatik', 5, 2, 175632, 5, 5, 165),
('1923', 'Toyota', 'RAV4', 'automatik', 5, 3, 150954, 5, 5, 121),
('1924', 'Honda', 'CR-V', 'automatik', 5, 3, 177255, 5, 5, 147),
('1925', 'Skoda', 'Karoq', 'automatik', 5, 1, 84059, 5, 5, 16),
('1926', 'Seat', 'Ateca', 'automatik', 5, 1, 138282, 5, 5, 164),
('1927', 'Nissan', 'Qashqai', 'automatik', 5, 1, 94347, 5, 5, 155),
('1928', 'Subaru', 'Forester', 'automatik', 5, 1, 176834, 5, 5, 6),
('1929', 'Volvo', 'XC40', 'automatik', 5, 1, 30150, 5, 5, 123),
('1930', 'Chevrolet', 'Captiva', 'manuell', 5, 2, 146529, 5, 5, 23),
('1931', 'Ford', 'Ranger', 'manuell', 6, 3, 11648, 4, 5, 148),
('1932', 'Toyota', 'Hilux', 'automatik', 6, 2, 153559, 4, 5, 4),
('1933', 'Nissan', 'Navara', 'manuell', 6, 1, 47513, 4, 5, 103),
('1934', 'Mitsubishi', 'L200', 'manuell', 6, 3, 21355, 4, 5, 33),
('1935', 'Isuzu', 'D-Max', 'manuell', 6, 2, 60877, 4, 5, 40),
('1936', 'Volkswagen', 'Amarok', 'automatik', 6, 3, 16734, 4, 5, 91),
('1937', 'Chevrolet', 'Colorado', 'automatik', 6, 2, 134915, 4, 5, 146),
('1938', 'Mazda', 'BT-50', 'manuell', 6, 1, 64346, 4, 5, 68),
('1939', 'Jeep', 'Gladiator', 'automatik', 6, 3, 107861, 4, 5, 30),
('1940', 'Ram', '1500', 'automatik', 6, 3, 45539, 4, 5, 163),
('1941', 'BMW', '2er Cabrio', 'automatik', 7, 3, 51684, 2, 4, 53),
('1942', 'Audi', 'A3 Cabriolet', 'automatik', 7, 3, 161649, 2, 4, 24),
('1943', 'Mercedes-Benz', 'C-Klasse Cabrio', 'automatik', 7, 2, 175350, 2, 4, 25),
('1944', 'VW', 'T-Roc Cabrio', 'automatik', 7, 2, 139246, 2, 4, 165),
('1945', 'Mini', 'Cabrio', 'manuell', 7, 2, 82308, 2, 4, 2),
('1946', 'Mazda', 'MX-5', 'manuell', 7, 2, 165071, 2, 2, 147),
('1947', 'Fiat', '124 Spider', 'manuell', 7, 3, 85313, 2, 2, 44),
('1948', 'Ford', 'Mustang Cabrio', 'automatik', 7, 1, 128209, 2, 4, 130),
('1949', 'Opel', 'Cascada', 'automatik', 7, 2, 176724, 2, 4, 23),
('1950', 'Peugeot', '308 CC', 'manuell', 7, 3, 16854, 2, 4, 118),
('1951', 'Renault', 'Mégane CC', 'manuell', 7, 2, 141137, 2, 4, 77),
('1952', 'Volkswagen', 'Eos', 'automatik', 7, 1, 12659, 2, 4, 112),
('1953', 'Saab', '9-3 Cabrio', 'automatik', 7, 3, 95056, 2, 4, 83),
('1954', 'Chevrolet', 'Camaro Cabrio', 'automatik', 7, 2, 65800, 2, 4, 151),
('1955', 'Chrysler', 'Sebring Cabrio', 'automatik', 7, 1, 82676, 2, 4, 42),
('1956', 'Citroën', 'C3 Pluriel', 'manuell', 7, 2, 11224, 2, 4, 143),
('1957', 'Smart', 'Fortwo Cabrio', 'automatik', 7, 1, 125037, 2, 2, 60),
('1958', 'BMW', 'Z4 Cabrio', 'automatik', 7, 2, 108474, 2, 2, 64),
('1959', 'Audi', 'TT Roadster', 'automatik', 7, 3, 138099, 2, 2, 62),
('1960', 'Mercedes-Benz', 'SLK', 'automatik', 7, 2, 158782, 2, 2, 145),
('1961', 'Mazda', 'MX-5 RF', 'manuell', 8, 3, 47902, 2, 2, 136),
('1962', 'BMW', 'Z4', 'automatik', 8, 1, 174802, 2, 2, 38),
('1963', 'Porsche', 'Boxster', 'automatik', 8, 3, 63812, 2, 2, 90),
('1964', 'Audi', 'TT Roadster', 'automatik', 8, 3, 173784, 2, 2, 118),
('1965', 'Mercedes-Benz', 'SLK', 'automatik', 8, 2, 72393, 2, 2, 80),
('1966', 'Fiat', '124 Spider', 'manuell', 8, 2, 142056, 2, 2, 146),
('1967', 'Honda', 'S2000', 'manuell', 8, 3, 108397, 2, 2, 12),
('1968', 'MG', 'TF', 'manuell', 8, 2, 88464, 2, 2, 152),
('1969', 'Toyota', 'MR2', 'manuell', 8, 1, 128233, 2, 2, 136),
('1970', 'Alfa Romeo', 'Spider', 'manuell', 8, 2, 118292, 2, 2, 54),
('1971', 'Lotus', 'Elise', 'manuell', 8, 1, 104453, 2, 2, 147),
('1972', 'Chevrolet', 'Corvette C5', 'automatik', 8, 3, 157399, 2, 2, 141),
('1973', 'Daihatsu', 'Copen', 'manuell', 8, 2, 120009, 2, 2, 101),
('1974', 'Opel', 'GT', 'manuell', 8, 3, 173493, 2, 2, 79),
('1975', 'Renault', 'Wind', 'manuell', 8, 1, 19701, 2, 2, 74),
('1976', 'Tesla', 'Roadster', 'automatik', 8, 2, 174832, 2, 2, 155),
('1977', 'Peugeot', '207 CC', 'manuell', 8, 3, 115281, 2, 2, 79),
('1978', 'Volkswagen', 'Karmann Ghia', 'manuell', 8, 3, 147675, 2, 2, 49),
('1979', 'Chrysler', 'Crossfire', 'automatik', 8, 3, 156277, 2, 2, 51),
('1980', 'Mini', 'Roadster', 'manuell', 8, 2, 85298, 2, 2, 25),
('1981', 'BMW', '5er', 'automatik', 9, 2, 42837, 4, 5, 156),
('1982', 'Mercedes-Benz', 'E-Klasse', 'automatik', 9, 2, 95976, 4, 5, 155),
('1983', 'Audi', 'A6', 'automatik', 9, 3, 18930, 4, 5, 26),
('1984', 'Skoda', 'Superb', 'automatik', 9, 2, 139650, 4, 5, 88),
('1985', 'Volkswagen', 'Arteon', 'automatik', 9, 1, 75188, 4, 5, 110),
('1986', 'Ford', 'Mondeo', 'manuell', 9, 3, 12322, 4, 5, 38),
('1987', 'Hyundai', 'i40', 'automatik', 9, 2, 38173, 4, 5, 47),
('1988', 'Kia', 'Optima', 'automatik', 9, 2, 150772, 4, 5, 105),
('1989', 'Toyota', 'Camry', 'automatik', 9, 3, 165165, 4, 5, 3),
('1990', 'Mazda', '6', 'automatik', 9, 2, 63319, 4, 5, 143),
('1991', 'Renault', 'Talisman', 'automatik', 9, 2, 124505, 4, 5, 39),
('1992', 'Peugeot', '508', 'automatik', 9, 2, 134349, 4, 5, 164),
('1993', 'Volvo', 'S90', 'automatik', 9, 2, 37349, 4, 5, 18),
('1994', 'Opel', 'Insignia', 'automatik', 9, 3, 151317, 4, 5, 47),
('1995', 'Honda', 'Accord', 'automatik', 9, 3, 26577, 4, 5, 87),
('1996', 'Subaru', 'Legacy', 'manuell', 9, 3, 131836, 4, 5, 161),
('1997', 'Chevrolet', 'Malibu', 'automatik', 9, 3, 53903, 4, 5, 107),
('1998', 'Citroën', 'C5', 'automatik', 9, 2, 45829, 4, 5, 110),
('1999', 'Dacia', 'Logan', 'manuell', 9, 1, 165027, 4, 5, 153),
('2000', 'Alfa Romeo', 'Giulia', 'automatik', 9, 2, 115431, 4, 5, 74),
('2001', 'Hymer', 'B-Klasse ModernComfort', 'automatik', 10, 1, 69662, 3, 4, 143),
('2002', 'Knaus', 'Sky TI', 'manuell', 10, 2, 150999, 3, 4, 85),
('2003', 'Dethleffs', 'Trend T', 'manuell', 10, 2, 34124, 3, 4, 142),
('2004', 'Carado', 'T448', 'manuell', 10, 2, 44755, 3, 4, 99),
('2005', 'Weinsberg', 'CaraSuite', 'manuell', 10, 3, 31018, 3, 4, 39),
('2006', 'Porsche', '911', 'automatik', 11, 2, 21497, 2, 4, 4),
('2007', 'Ferrari', '488 GTB', 'automatik', 11, 3, 123389, 2, 2, 76),
('2008', 'Lamborghini', 'Huracán', 'automatik', 11, 1, 103984, 2, 2, 154),
('2009', 'McLaren', '570S', 'automatik', 11, 1, 95772, 2, 2, 16),
('2010', 'Chevrolet', 'Corvette', 'automatik', 11, 1, 19109, 2, 2, 54),
('2011', 'Audi', 'R8', 'automatik', 11, 3, 28180, 2, 2, 133),
('2012', 'Nissan', 'GT-R', 'automatik', 11, 2, 119657, 2, 4, 161),
('2013', 'BMW', 'M4', 'automatik', 11, 2, 160935, 2, 4, 163),
('2014', 'Mercedes-Benz', 'AMG GT', 'automatik', 11, 1, 147353, 2, 2, 97),
('2015', 'Jaguar', 'F-Type', 'automatik', 11, 2, 63386, 2, 2, 163),
('2016', 'VW', 'Up', 'manuell', 1, 3, 40869, 3, 4, 102),
('2017', 'Opel', 'Corsa', 'automatik', 1, 1, 164807, 5, 5, 88),
('2018', 'Renault', 'Twingo', 'manuell', 1, 1, 154879, 3, 4, 166),
('2019', 'Hyundai', 'i10', 'automatik', 1, 2, 173908, 5, 5, 46),
('2020', 'Peugeot', '208', 'manuell', 1, 1, 155428, 5, 5, 157),
('2021', 'Fiat', 'Panda', 'manuell', 1, 2, 85193, 5, 4, 33),
('2022', 'Toyota', 'Aygo', 'automatik', 1, 1, 39135, 5, 4, 84),
('2023', 'Kia', 'Picanto', 'manuell', 1, 2, 133270, 5, 5, 18),
('2024', 'Seat', 'Mii', 'manuell', 1, 2, 94849, 3, 4, 103),
('2025', 'Citroën', 'C1', 'automatik', 1, 2, 42311, 3, 4, 137),
('2026', 'Ford', 'Ka+', 'manuell', 1, 2, 73612, 5, 5, 112),
('2027', 'Chevrolet', 'Spark', 'manuell', 1, 1, 149885, 5, 4, 104),
('2028', 'Skoda', 'Citigo', 'manuell', 1, 3, 10478, 3, 4, 120),
('2029', 'Mitsubishi', 'Space Star', 'automatik', 1, 3, 126545, 5, 5, 91),
('2030', 'Suzuki', 'Celerio', 'manuell', 1, 2, 170579, 5, 5, 111),
('2031', 'Dacia', 'Sandero', 'manuell', 1, 1, 74880, 5, 5, 147),
('2032', 'Nissan', 'Micra', 'automatik', 1, 1, 115758, 5, 5, 113),
('2033', 'Mazda', '2', 'manuell', 1, 2, 41797, 5, 5, 40),
('2034', 'Honda', 'Jazz', 'automatik', 1, 2, 11504, 5, 5, 77),
('2035', 'Smart', 'Forfour', 'manuell', 1, 2, 170178, 4, 4, 32),
('2036', 'VW', 'Passat Variant', 'automatik', 2, 1, 131025, 5, 5, 107),
('2037', 'Ford', 'Focus Turnier', 'manuell', 2, 3, 77695, 5, 5, 12),
('2038', 'Opel', 'Astra Sports Tourer', 'automatik', 2, 3, 151524, 5, 5, 16),
('2039', 'Skoda', 'Octavia Combi', 'automatik', 2, 3, 54342, 5, 5, 123),
('2040', 'BMW', '3er Touring', 'automatik', 2, 1, 117212, 5, 5, 153),
('2041', 'Mercedes-Benz', 'C-Klasse T-Modell', 'automatik', 2, 3, 154672, 5, 5, 69),
('2042', 'Audi', 'A4 Avant', 'automatik', 2, 1, 111321, 5, 5, 110),
('2043', 'Peugeot', '308 SW', 'manuell', 2, 2, 72431, 5, 5, 95),
('2044', 'Hyundai', 'i30 Kombi', 'manuell', 2, 2, 94103, 5, 5, 49),
('2045', 'Kia', 'Ceed SW', 'automatik', 2, 3, 119698, 5, 5, 118),
('2046', 'Renault', 'Mégane Grandtour', 'manuell', 2, 1, 179936, 5, 5, 64),
('2047', 'Mazda', '6 Kombi', 'automatik', 2, 2, 85057, 5, 5, 69),
('2048', 'Volvo', 'V60', 'automatik', 2, 1, 168443, 5, 5, 77),
('2049', 'Toyota', 'Corolla Touring Sports', 'automatik', 2, 3, 76951, 5, 5, 84),
('2050', 'Honda', 'Civic Tourer', 'manuell', 2, 3, 93807, 5, 5, 88),
('2051', 'Dacia', 'Logan MCV', 'manuell', 2, 1, 17805, 5, 5, 119),
('2052', 'Fiat', 'Tipo Kombi', 'automatik', 2, 1, 121543, 5, 5, 37),
('2053', 'Subaru', 'Levorg', 'automatik', 2, 1, 157813, 5, 5, 41),
('2054', 'Seat', 'Leon ST', 'automatik', 2, 1, 59813, 5, 5, 112),
('2055', 'Chevrolet', 'Cruze Station Wagon', 'manuell', 2, 1, 44786, 5, 5, 3),
('2056', 'VW', 'Touran', 'automatik', 3, 2, 21758, 5, 7, 78),
('2057', 'Ford', 'S-Max', 'automatik', 3, 2, 161158, 5, 7, 123),
('2058', 'Opel', 'Zafira', 'manuell', 3, 2, 100120, 5, 7, 46),
('2059', 'Renault', 'Espace', 'automatik', 3, 1, 66115, 5, 7, 76),
('2060', 'Citroën', 'Grand C4 SpaceTourer', 'automatik', 3, 1, 130730, 5, 7, 8),
('2061', 'Mercedes-Benz', 'Sprinter', 'manuell', 4, 3, 34575, 4, 9, 36),
('2062', 'Ford', 'Transit', 'manuell', 4, 2, 37626, 4, 9, 42),
('2063', 'VW', 'Crafter', 'automatik', 4, 2, 128663, 4, 9, 152),
('2064', 'Peugeot', 'Boxer', 'manuell', 4, 1, 76770, 4, 9, 96),
('2065', 'Renault', 'Master', 'automatik', 4, 2, 72176, 4, 9, 112),
('2066', 'VW', 'Tiguan', 'automatik', 5, 2, 131164, 5, 5, 76),
('2067', 'BMW', 'X1', 'automatik', 5, 1, 113136, 5, 5, 159),
('2068', 'Audi', 'Q3', 'automatik', 5, 3, 170600, 5, 5, 139),
('2069', 'Mercedes-Benz', 'GLA', 'automatik', 5, 1, 38599, 5, 5, 62),
('2070', 'Hyundai', 'Tucson', 'automatik', 5, 3, 164225, 5, 5, 47),
('2071', 'Kia', 'Sportage', 'automatik', 5, 1, 85475, 5, 5, 152),
('2072', 'Ford', 'Kuga', 'automatik', 5, 3, 73171, 5, 5, 159),
('2073', 'Opel', 'Grandland', 'automatik', 5, 2, 61010, 5, 5, 135),
('2074', 'Renault', 'Kadjar', 'automatik', 5, 1, 31752, 5, 5, 146),
('2075', 'Peugeot', '3008', 'automatik', 5, 1, 101376, 5, 5, 2),
('2076', 'Dacia', 'Duster', 'manuell', 5, 1, 137211, 5, 5, 97),
('2077', 'Mazda', 'CX-5', 'automatik', 5, 3, 15300, 5, 5, 102),
('2078', 'Toyota', 'RAV4', 'automatik', 5, 2, 172166, 5, 5, 13),
('2079', 'Honda', 'CR-V', 'automatik', 5, 1, 64245, 5, 5, 23),
('2080', 'Skoda', 'Karoq', 'automatik', 5, 3, 100388, 5, 5, 49),
('2081', 'Seat', 'Ateca', 'automatik', 5, 2, 100528, 5, 5, 39),
('2082', 'Nissan', 'Qashqai', 'automatik', 5, 2, 139725, 5, 5, 99),
('2083', 'Subaru', 'Forester', 'automatik', 5, 2, 31374, 5, 5, 90),
('2084', 'Volvo', 'XC40', 'automatik', 5, 2, 52345, 5, 5, 8),
('2085', 'Chevrolet', 'Captiva', 'manuell', 5, 2, 149729, 5, 5, 133),
('2086', 'Ford', 'Ranger', 'manuell', 6, 2, 77558, 4, 5, 136),
('2087', 'Toyota', 'Hilux', 'automatik', 6, 3, 110436, 4, 5, 23),
('2088', 'Nissan', 'Navara', 'manuell', 6, 2, 92140, 4, 5, 156),
('2089', 'Mitsubishi', 'L200', 'manuell', 6, 3, 139957, 4, 5, 48),
('2090', 'Isuzu', 'D-Max', 'manuell', 6, 2, 99279, 4, 5, 36),
('2091', 'Volkswagen', 'Amarok', 'automatik', 6, 1, 51384, 4, 5, 109),
('2092', 'Chevrolet', 'Colorado', 'automatik', 6, 2, 124215, 4, 5, 34),
('2093', 'Mazda', 'BT-50', 'manuell', 6, 1, 37612, 4, 5, 31),
('2094', 'Jeep', 'Gladiator', 'automatik', 6, 3, 151231, 4, 5, 56),
('2095', 'Ram', '1500', 'automatik', 6, 3, 60807, 4, 5, 109),
('2096', 'BMW', '2er Cabrio', 'automatik', 7, 3, 167085, 2, 4, 112),
('2097', 'Audi', 'A3 Cabriolet', 'automatik', 7, 1, 99190, 2, 4, 19),
('2098', 'Mercedes-Benz', 'C-Klasse Cabrio', 'automatik', 7, 1, 136903, 2, 4, 92),
('2099', 'VW', 'T-Roc Cabrio', 'automatik', 7, 1, 161047, 2, 4, 83),
('2100', 'Mini', 'Cabrio', 'manuell', 7, 3, 131275, 2, 4, 160),
('2101', 'Mazda', 'MX-5', 'manuell', 7, 1, 19349, 2, 2, 128),
('2102', 'Fiat', '124 Spider', 'manuell', 7, 2, 174259, 2, 2, 113),
('2103', 'Ford', 'Mustang Cabrio', 'automatik', 7, 2, 49597, 2, 4, 110),
('2104', 'Opel', 'Cascada', 'automatik', 7, 2, 158021, 2, 4, 50),
('2105', 'Peugeot', '308 CC', 'manuell', 7, 3, 127473, 2, 4, 142),
('2106', 'Renault', 'Mégane CC', 'manuell', 7, 1, 49877, 2, 4, 47),
('2107', 'Volkswagen', 'Eos', 'automatik', 7, 1, 161629, 2, 4, 100),
('2108', 'Saab', '9-3 Cabrio', 'automatik', 7, 2, 67282, 2, 4, 71),
('2109', 'Chevrolet', 'Camaro Cabrio', 'automatik', 7, 1, 151125, 2, 4, 139),
('2110', 'Chrysler', 'Sebring Cabrio', 'automatik', 7, 2, 126501, 2, 4, 29),
('2111', 'Citroën', 'C3 Pluriel', 'manuell', 7, 1, 42777, 2, 4, 112),
('2112', 'Smart', 'Fortwo Cabrio', 'automatik', 7, 3, 28468, 2, 2, 113),
('2113', 'BMW', 'Z4 Cabrio', 'automatik', 7, 2, 114451, 2, 2, 69),
('2114', 'Audi', 'TT Roadster', 'automatik', 7, 1, 84911, 2, 2, 67),
('2115', 'Mercedes-Benz', 'SLK', 'automatik', 7, 2, 78335, 2, 2, 43),
('2116', 'Mazda', 'MX-5 RF', 'manuell', 8, 1, 32697, 2, 2, 136),
('2117', 'BMW', 'Z4', 'automatik', 8, 2, 27175, 2, 2, 161),
('2118', 'Porsche', 'Boxster', 'automatik', 8, 2, 103874, 2, 2, 24),
('2119', 'Audi', 'TT Roadster', 'automatik', 8, 1, 130339, 2, 2, 68),
('2120', 'Mercedes-Benz', 'SLK', 'automatik', 8, 1, 64557, 2, 2, 12),
('2121', 'Fiat', '124 Spider', 'manuell', 8, 2, 171596, 2, 2, 31),
('2122', 'Honda', 'S2000', 'manuell', 8, 1, 148066, 2, 2, 57),
('2123', 'MG', 'TF', 'manuell', 8, 1, 135361, 2, 2, 37),
('2124', 'Toyota', 'MR2', 'manuell', 8, 1, 24358, 2, 2, 78),
('2125', 'Alfa Romeo', 'Spider', 'manuell', 8, 3, 147200, 2, 2, 67),
('2126', 'Lotus', 'Elise', 'manuell', 8, 3, 110270, 2, 2, 106),
('2127', 'Chevrolet', 'Corvette C5', 'automatik', 8, 2, 143630, 2, 2, 140),
('2128', 'Daihatsu', 'Copen', 'manuell', 8, 1, 114979, 2, 2, 68),
('2129', 'Opel', 'GT', 'manuell', 8, 2, 144483, 2, 2, 105),
('2130', 'Renault', 'Wind', 'manuell', 8, 2, 30346, 2, 2, 166),
('2131', 'Tesla', 'Roadster', 'automatik', 8, 3, 162825, 2, 2, 10),
('2132', 'Peugeot', '207 CC', 'manuell', 8, 2, 59597, 2, 2, 147),
('2133', 'Volkswagen', 'Karmann Ghia', 'manuell', 8, 3, 25627, 2, 2, 53),
('2134', 'Chrysler', 'Crossfire', 'automatik', 8, 2, 136429, 2, 2, 7),
('2135', 'Mini', 'Roadster', 'manuell', 8, 3, 76392, 2, 2, 37),
('2136', 'BMW', '5er', 'automatik', 9, 1, 162880, 4, 5, 112),
('2137', 'Mercedes-Benz', 'E-Klasse', 'automatik', 9, 1, 65070, 4, 5, 32),
('2138', 'Audi', 'A6', 'automatik', 9, 2, 53151, 4, 5, 61),
('2139', 'Skoda', 'Superb', 'automatik', 9, 1, 26077, 4, 5, 118),
('2140', 'Volkswagen', 'Arteon', 'automatik', 9, 3, 146736, 4, 5, 88),
('2141', 'Ford', 'Mondeo', 'manuell', 9, 3, 138761, 4, 5, 9),
('2142', 'Hyundai', 'i40', 'automatik', 9, 1, 69643, 4, 5, 5),
('2143', 'Kia', 'Optima', 'automatik', 9, 1, 84719, 4, 5, 21),
('2144', 'Toyota', 'Camry', 'automatik', 9, 3, 36042, 4, 5, 44),
('2145', 'Mazda', '6', 'automatik', 9, 1, 112045, 4, 5, 20),
('2146', 'Renault', 'Talisman', 'automatik', 9, 3, 41881, 4, 5, 109),
('2147', 'Peugeot', '508', 'automatik', 9, 3, 144595, 4, 5, 73),
('2148', 'Volvo', 'S90', 'automatik', 9, 3, 86892, 4, 5, 72),
('2149', 'Opel', 'Insignia', 'automatik', 9, 2, 159439, 4, 5, 131),
('2150', 'Honda', 'Accord', 'automatik', 9, 2, 59401, 4, 5, 138),
('2151', 'Subaru', 'Legacy', 'manuell', 9, 2, 65025, 4, 5, 138),
('2152', 'Chevrolet', 'Malibu', 'automatik', 9, 3, 13039, 4, 5, 79),
('2153', 'Citroën', 'C5', 'automatik', 9, 2, 71538, 4, 5, 162),
('2154', 'Dacia', 'Logan', 'manuell', 9, 3, 156845, 4, 5, 165),
('2155', 'Alfa Romeo', 'Giulia', 'automatik', 9, 2, 143181, 4, 5, 122),
('2156', 'Hymer', 'B-Klasse ModernComfort', 'automatik', 10, 3, 22456, 3, 4, 125),
('2157', 'Knaus', 'Sky TI', 'manuell', 10, 2, 49880, 3, 4, 155),
('2158', 'Dethleffs', 'Trend T', 'manuell', 10, 1, 90933, 3, 4, 144),
('2159', 'Carado', 'T448', 'manuell', 10, 2, 170158, 3, 4, 85),
('2160', 'Weinsberg', 'CaraSuite', 'manuell', 10, 2, 17658, 3, 4, 134),
('2161', 'Porsche', '911', 'automatik', 11, 1, 61971, 2, 4, 15),
('2162', 'Ferrari', '488 GTB', 'automatik', 11, 1, 115557, 2, 2, 12),
('2163', 'Lamborghini', 'Huracán', 'automatik', 11, 3, 106160, 2, 2, 9),
('2164', 'McLaren', '570S', 'automatik', 11, 2, 75341, 2, 2, 76),
('2165', 'Chevrolet', 'Corvette', 'automatik', 11, 2, 85897, 2, 2, 155),
('2166', 'Audi', 'R8', 'automatik', 11, 3, 14875, 2, 2, 36),
('2167', 'Nissan', 'GT-R', 'automatik', 11, 1, 155181, 2, 4, 64),
('2168', 'BMW', 'M4', 'automatik', 11, 3, 95905, 2, 4, 30),
('2169', 'Mercedes-Benz', 'AMG GT', 'automatik', 11, 1, 10299, 2, 2, 114),
('2170', 'Jaguar', 'F-Type', 'automatik', 11, 2, 66319, 2, 2, 48),
('2171', 'VW', 'Up', 'manuell', 1, 3, 21749, 3, 4, 98),
('2172', 'Opel', 'Corsa', 'automatik', 1, 2, 143821, 5, 5, 126),
('2173', 'Renault', 'Twingo', 'manuell', 1, 1, 103085, 3, 4, 69),
('2174', 'Hyundai', 'i10', 'automatik', 1, 2, 49954, 5, 5, 154),
('2175', 'Peugeot', '208', 'manuell', 1, 1, 96852, 5, 5, 166),
('2176', 'Fiat', 'Panda', 'manuell', 1, 1, 29465, 5, 4, 76),
('2177', 'Toyota', 'Aygo', 'automatik', 1, 1, 12026, 5, 4, 42),
('2178', 'Kia', 'Picanto', 'manuell', 1, 1, 179889, 5, 5, 87),
('2179', 'Seat', 'Mii', 'manuell', 1, 2, 118429, 3, 4, 89),
('2180', 'Citroën', 'C1', 'automatik', 1, 1, 111571, 3, 4, 6),
('2181', 'Ford', 'Ka+', 'manuell', 1, 1, 153141, 5, 5, 136),
('2182', 'Chevrolet', 'Spark', 'manuell', 1, 2, 66493, 5, 4, 96),
('2183', 'Skoda', 'Citigo', 'manuell', 1, 2, 115932, 3, 4, 2),
('2184', 'Mitsubishi', 'Space Star', 'automatik', 1, 2, 49680, 5, 5, 133),
('2185', 'Suzuki', 'Celerio', 'manuell', 1, 3, 65525, 5, 5, 113),
('2186', 'Dacia', 'Sandero', 'manuell', 1, 1, 169138, 5, 5, 54),
('2187', 'Nissan', 'Micra', 'automatik', 1, 2, 113911, 5, 5, 16),
('2188', 'Mazda', '2', 'manuell', 1, 2, 169353, 5, 5, 33),
('2189', 'Honda', 'Jazz', 'automatik', 1, 2, 75831, 5, 5, 34),
('2190', 'Smart', 'Forfour', 'manuell', 1, 1, 106116, 4, 4, 43),
('2191', 'VW', 'Passat Variant', 'automatik', 2, 1, 143371, 5, 5, 80),
('2192', 'Ford', 'Focus Turnier', 'manuell', 2, 3, 105844, 5, 5, 97),
('2193', 'Opel', 'Astra Sports Tourer', 'automatik', 2, 2, 175500, 5, 5, 32),
('2194', 'Skoda', 'Octavia Combi', 'automatik', 2, 1, 30552, 5, 5, 49),
('2195', 'BMW', '3er Touring', 'automatik', 2, 3, 111408, 5, 5, 88),
('2196', 'Mercedes-Benz', 'C-Klasse T-Modell', 'automatik', 2, 1, 173626, 5, 5, 26),
('2197', 'Audi', 'A4 Avant', 'automatik', 2, 3, 108424, 5, 5, 4),
('2198', 'Peugeot', '308 SW', 'manuell', 2, 3, 20121, 5, 5, 10),
('2199', 'Hyundai', 'i30 Kombi', 'manuell', 2, 2, 165516, 5, 5, 81),
('2200', 'Kia', 'Ceed SW', 'automatik', 2, 3, 178345, 5, 5, 120),
('2201', 'Renault', 'Mégane Grandtour', 'manuell', 2, 2, 117016, 5, 5, 70),
('2202', 'Mazda', '6 Kombi', 'automatik', 2, 1, 123578, 5, 5, 145),
('2203', 'Volvo', 'V60', 'automatik', 2, 2, 61696, 5, 5, 120),
('2204', 'Toyota', 'Corolla Touring Sports', 'automatik', 2, 1, 104866, 5, 5, 19),
('2205', 'Honda', 'Civic Tourer', 'manuell', 2, 2, 125498, 5, 5, 29),
('2206', 'Dacia', 'Logan MCV', 'manuell', 2, 3, 31869, 5, 5, 15),
('2207', 'Fiat', 'Tipo Kombi', 'automatik', 2, 3, 60913, 5, 5, 146),
('2208', 'Subaru', 'Levorg', 'automatik', 2, 3, 150120, 5, 5, 8),
('2209', 'Seat', 'Leon ST', 'automatik', 2, 1, 85332, 5, 5, 114),
('2210', 'Chevrolet', 'Cruze Station Wagon', 'manuell', 2, 3, 179683, 5, 5, 25),
('2211', 'VW', 'Touran', 'automatik', 3, 1, 164903, 5, 7, 64),
('2212', 'Ford', 'S-Max', 'automatik', 3, 3, 68932, 5, 7, 128),
('2213', 'Opel', 'Zafira', 'manuell', 3, 2, 34288, 5, 7, 89),
('2214', 'Renault', 'Espace', 'automatik', 3, 2, 93364, 5, 7, 57),
('2215', 'Citroën', 'Grand C4 SpaceTourer', 'automatik', 3, 2, 149771, 5, 7, 115),
('2216', 'Mercedes-Benz', 'Sprinter', 'manuell', 4, 2, 133063, 4, 9, 74),
('2217', 'Ford', 'Transit', 'manuell', 4, 1, 65451, 4, 9, 82),
('2218', 'VW', 'Crafter', 'automatik', 4, 2, 101156, 4, 9, 127),
('2219', 'Peugeot', 'Boxer', 'manuell', 4, 2, 88227, 4, 9, 72),
('2220', 'Renault', 'Master', 'automatik', 4, 3, 52168, 4, 9, 44),
('2221', 'VW', 'Tiguan', 'automatik', 5, 1, 15603, 5, 5, 74),
('2222', 'BMW', 'X1', 'automatik', 5, 3, 90772, 5, 5, 94),
('2223', 'Audi', 'Q3', 'automatik', 5, 2, 132623, 5, 5, 125),
('2224', 'Mercedes-Benz', 'GLA', 'automatik', 5, 3, 126192, 5, 5, 127),
('2225', 'Hyundai', 'Tucson', 'automatik', 5, 3, 38446, 5, 5, 82),
('2226', 'Kia', 'Sportage', 'automatik', 5, 3, 167436, 5, 5, 143),
('2227', 'Ford', 'Kuga', 'automatik', 5, 1, 160691, 5, 5, 95),
('2228', 'Opel', 'Grandland', 'automatik', 5, 1, 29841, 5, 5, 91),
('2229', 'Renault', 'Kadjar', 'automatik', 5, 3, 103945, 5, 5, 114),
('2230', 'Peugeot', '3008', 'automatik', 5, 2, 52100, 5, 5, 75),
('2231', 'Dacia', 'Duster', 'manuell', 5, 1, 74717, 5, 5, 148),
('2232', 'Mazda', 'CX-5', 'automatik', 5, 3, 76155, 5, 5, 54),
('2233', 'Toyota', 'RAV4', 'automatik', 5, 3, 98772, 5, 5, 163),
('2234', 'Honda', 'CR-V', 'automatik', 5, 1, 98238, 5, 5, 83),
('2235', 'Skoda', 'Karoq', 'automatik', 5, 2, 10334, 5, 5, 163),
('2236', 'Seat', 'Ateca', 'automatik', 5, 3, 135335, 5, 5, 44),
('2237', 'Nissan', 'Qashqai', 'automatik', 5, 1, 87038, 5, 5, 11),
('2238', 'Subaru', 'Forester', 'automatik', 5, 1, 86523, 5, 5, 106),
('2239', 'Volvo', 'XC40', 'automatik', 5, 3, 69169, 5, 5, 4),
('2240', 'Chevrolet', 'Captiva', 'manuell', 5, 2, 112401, 5, 5, 52),
('2241', 'Ford', 'Ranger', 'manuell', 6, 1, 82120, 4, 5, 90),
('2242', 'Toyota', 'Hilux', 'automatik', 6, 3, 142140, 4, 5, 106),
('2243', 'Nissan', 'Navara', 'manuell', 6, 3, 52710, 4, 5, 81),
('2244', 'Mitsubishi', 'L200', 'manuell', 6, 2, 138454, 4, 5, 33),
('2245', 'Isuzu', 'D-Max', 'manuell', 6, 2, 165540, 4, 5, 22),
('2246', 'Volkswagen', 'Amarok', 'automatik', 6, 1, 112524, 4, 5, 162),
('2247', 'Chevrolet', 'Colorado', 'automatik', 6, 1, 13683, 4, 5, 103),
('2248', 'Mazda', 'BT-50', 'manuell', 6, 2, 20873, 4, 5, 134),
('2249', 'Jeep', 'Gladiator', 'automatik', 6, 2, 102602, 4, 5, 3),
('2250', 'Ram', '1500', 'automatik', 6, 3, 147804, 4, 5, 62),
('2251', 'BMW', '2er Cabrio', 'automatik', 7, 2, 99990, 2, 4, 144),
('2252', 'Audi', 'A3 Cabriolet', 'automatik', 7, 1, 129703, 2, 4, 70),
('2253', 'Mercedes-Benz', 'C-Klasse Cabrio', 'automatik', 7, 2, 15102, 2, 4, 152),
('2254', 'VW', 'T-Roc Cabrio', 'automatik', 7, 3, 142911, 2, 4, 11),
('2255', 'Mini', 'Cabrio', 'manuell', 7, 2, 96865, 2, 4, 27),
('2256', 'Mazda', 'MX-5', 'manuell', 7, 1, 129632, 2, 2, 165),
('2257', 'Fiat', '124 Spider', 'manuell', 7, 3, 81635, 2, 2, 165),
('2258', 'Ford', 'Mustang Cabrio', 'automatik', 7, 2, 14948, 2, 4, 11),
('2259', 'Opel', 'Cascada', 'automatik', 7, 1, 51957, 2, 4, 140),
('2260', 'Peugeot', '308 CC', 'manuell', 7, 3, 159786, 2, 4, 87),
('2261', 'Renault', 'Mégane CC', 'manuell', 7, 3, 21795, 2, 4, 25),
('2262', 'Volkswagen', 'Eos', 'automatik', 7, 2, 128163, 2, 4, 18),
('2263', 'Saab', '9-3 Cabrio', 'automatik', 7, 2, 130604, 2, 4, 134),
('2264', 'Chevrolet', 'Camaro Cabrio', 'automatik', 7, 3, 92262, 2, 4, 52),
('2265', 'Chrysler', 'Sebring Cabrio', 'automatik', 7, 2, 66746, 2, 4, 114),
('2266', 'Citroën', 'C3 Pluriel', 'manuell', 7, 3, 122296, 2, 4, 125),
('2267', 'Smart', 'Fortwo Cabrio', 'automatik', 7, 2, 54135, 2, 2, 145),
('2268', 'BMW', 'Z4 Cabrio', 'automatik', 7, 2, 74086, 2, 2, 91),
('2269', 'Audi', 'TT Roadster', 'automatik', 7, 2, 20356, 2, 2, 28),
('2270', 'Mercedes-Benz', 'SLK', 'automatik', 7, 3, 150485, 2, 2, 140),
('2271', 'Mazda', 'MX-5 RF', 'manuell', 8, 3, 50216, 2, 2, 14),
('2272', 'BMW', 'Z4', 'automatik', 8, 3, 135254, 2, 2, 58),
('2273', 'Porsche', 'Boxster', 'automatik', 8, 3, 105051, 2, 2, 71),
('2274', 'Audi', 'TT Roadster', 'automatik', 8, 2, 102766, 2, 2, 135),
('2275', 'Mercedes-Benz', 'SLK', 'automatik', 8, 1, 132515, 2, 2, 15),
('2276', 'Fiat', '124 Spider', 'manuell', 8, 2, 137164, 2, 2, 52),
('2277', 'Honda', 'S2000', 'manuell', 8, 2, 151626, 2, 2, 22),
('2278', 'MG', 'TF', 'manuell', 8, 2, 93575, 2, 2, 118),
('2279', 'Toyota', 'MR2', 'manuell', 8, 1, 176852, 2, 2, 49),
('2280', 'Alfa Romeo', 'Spider', 'manuell', 8, 1, 84625, 2, 2, 158),
('2281', 'Lotus', 'Elise', 'manuell', 8, 2, 135530, 2, 2, 98),
('2282', 'Chevrolet', 'Corvette C5', 'automatik', 8, 1, 39458, 2, 2, 146),
('2283', 'Daihatsu', 'Copen', 'manuell', 8, 3, 31368, 2, 2, 133),
('2284', 'Opel', 'GT', 'manuell', 8, 1, 79177, 2, 2, 61),
('2285', 'Renault', 'Wind', 'manuell', 8, 3, 128964, 2, 2, 58),
('2286', 'Tesla', 'Roadster', 'automatik', 8, 3, 171956, 2, 2, 138),
('2287', 'Peugeot', '207 CC', 'manuell', 8, 2, 127181, 2, 2, 58),
('2288', 'Volkswagen', 'Karmann Ghia', 'manuell', 8, 2, 165224, 2, 2, 48),
('2289', 'Chrysler', 'Crossfire', 'automatik', 8, 3, 13485, 2, 2, 97),
('2290', 'Mini', 'Roadster', 'manuell', 8, 1, 59238, 2, 2, 86),
('2291', 'BMW', '5er', 'automatik', 9, 3, 103460, 4, 5, 79),
('2292', 'Mercedes-Benz', 'E-Klasse', 'automatik', 9, 2, 58419, 4, 5, 67),
('2293', 'Audi', 'A6', 'automatik', 9, 1, 121301, 4, 5, 134),
('2294', 'Skoda', 'Superb', 'automatik', 9, 3, 111617, 4, 5, 68),
('2295', 'Volkswagen', 'Arteon', 'automatik', 9, 1, 88593, 4, 5, 124),
('2296', 'Ford', 'Mondeo', 'manuell', 9, 3, 159311, 4, 5, 90),
('2297', 'Hyundai', 'i40', 'automatik', 9, 3, 106844, 4, 5, 105),
('2298', 'Kia', 'Optima', 'automatik', 9, 1, 71690, 4, 5, 20),
('2299', 'Toyota', 'Camry', 'automatik', 9, 1, 34843, 4, 5, 33),
('2300', 'Mazda', '6', 'automatik', 9, 1, 166846, 4, 5, 6),
('2301', 'Renault', 'Talisman', 'automatik', 9, 2, 128484, 4, 5, 98),
('2302', 'Peugeot', '508', 'automatik', 9, 2, 63496, 4, 5, 150),
('2303', 'Volvo', 'S90', 'automatik', 9, 2, 144238, 4, 5, 54),
('2304', 'Opel', 'Insignia', 'automatik', 9, 1, 138618, 4, 5, 79),
('2305', 'Honda', 'Accord', 'automatik', 9, 1, 88984, 4, 5, 24),
('2306', 'Subaru', 'Legacy', 'manuell', 9, 3, 48027, 4, 5, 43),
('2307', 'Chevrolet', 'Malibu', 'automatik', 9, 1, 64938, 4, 5, 72),
('2308', 'Citroën', 'C5', 'automatik', 9, 1, 121014, 4, 5, 154),
('2309', 'Dacia', 'Logan', 'manuell', 9, 3, 27237, 4, 5, 14),
('2310', 'Alfa Romeo', 'Giulia', 'automatik', 9, 2, 157706, 4, 5, 52),
('2311', 'Hymer', 'B-Klasse ModernComfort', 'automatik', 10, 3, 102687, 3, 4, 63),
('2312', 'Knaus', 'Sky TI', 'manuell', 10, 3, 127478, 3, 4, 25),
('2313', 'Dethleffs', 'Trend T', 'manuell', 10, 2, 142640, 3, 4, 160),
('2314', 'Carado', 'T448', 'manuell', 10, 3, 159935, 3, 4, 97),
('2315', 'Weinsberg', 'CaraSuite', 'manuell', 10, 2, 144838, 3, 4, 28),
('2316', 'Porsche', '911', 'automatik', 11, 3, 26750, 2, 4, 154),
('2317', 'Ferrari', '488 GTB', 'automatik', 11, 2, 31355, 2, 2, 17),
('2318', 'Lamborghini', 'Huracán', 'automatik', 11, 2, 174135, 2, 2, 161),
('2319', 'McLaren', '570S', 'automatik', 11, 2, 172773, 2, 2, 73),
('2320', 'Chevrolet', 'Corvette', 'automatik', 11, 3, 10862, 2, 2, 64),
('2321', 'Audi', 'R8', 'automatik', 11, 2, 34241, 2, 2, 165),
('2322', 'Nissan', 'GT-R', 'automatik', 11, 3, 69607, 2, 4, 12),
('2323', 'BMW', 'M4', 'automatik', 11, 3, 81515, 2, 4, 78),
('2324', 'Mercedes-Benz', 'AMG GT', 'automatik', 11, 3, 14835, 2, 2, 51),
('2325', 'Jaguar', 'F-Type', 'automatik', 11, 3, 42656, 2, 2, 18),
('2326', 'VW', 'Up', 'manuell', 1, 1, 114559, 3, 4, 109),
('2327', 'Opel', 'Corsa', 'automatik', 1, 3, 142973, 5, 5, 146),
('2328', 'Renault', 'Twingo', 'manuell', 1, 1, 41357, 3, 4, 35),
('2329', 'Hyundai', 'i10', 'automatik', 1, 2, 49975, 5, 5, 51),
('2330', 'Peugeot', '208', 'manuell', 1, 2, 53929, 5, 5, 136),
('2331', 'Fiat', 'Panda', 'manuell', 1, 1, 134399, 5, 4, 123),
('2332', 'Toyota', 'Aygo', 'automatik', 1, 1, 17175, 5, 4, 134),
('2333', 'Kia', 'Picanto', 'manuell', 1, 2, 87039, 5, 5, 164),
('2334', 'Seat', 'Mii', 'manuell', 1, 1, 149144, 3, 4, 153),
('2335', 'Citroën', 'C1', 'automatik', 1, 3, 161489, 3, 4, 33),
('2336', 'Ford', 'Ka+', 'manuell', 1, 1, 137583, 5, 5, 9),
('2337', 'Chevrolet', 'Spark', 'manuell', 1, 1, 60166, 5, 4, 158),
('2338', 'Skoda', 'Citigo', 'manuell', 1, 3, 107893, 3, 4, 43),
('2339', 'Mitsubishi', 'Space Star', 'automatik', 1, 3, 175686, 5, 5, 22),
('2340', 'Suzuki', 'Celerio', 'manuell', 1, 3, 29257, 5, 5, 42),
('2341', 'Dacia', 'Sandero', 'manuell', 1, 3, 69847, 5, 5, 12),
('2342', 'Nissan', 'Micra', 'automatik', 1, 2, 164134, 5, 5, 124),
('2343', 'Mazda', '2', 'manuell', 1, 1, 137308, 5, 5, 101),
('2344', 'Honda', 'Jazz', 'automatik', 1, 1, 112221, 5, 5, 143),
('2345', 'Smart', 'Forfour', 'manuell', 1, 1, 47062, 4, 4, 93),
('2346', 'VW', 'Passat Variant', 'automatik', 2, 3, 48961, 5, 5, 5),
('2347', 'Ford', 'Focus Turnier', 'manuell', 2, 2, 56467, 5, 5, 51),
('2348', 'Opel', 'Astra Sports Tourer', 'automatik', 2, 3, 14972, 5, 5, 54),
('2349', 'Skoda', 'Octavia Combi', 'automatik', 2, 2, 153525, 5, 5, 62),
('2350', 'BMW', '3er Touring', 'automatik', 2, 1, 135199, 5, 5, 70),
('2351', 'Mercedes-Benz', 'C-Klasse T-Modell', 'automatik', 2, 2, 50883, 5, 5, 120),
('2352', 'Audi', 'A4 Avant', 'automatik', 2, 1, 90609, 5, 5, 151),
('2353', 'Peugeot', '308 SW', 'manuell', 2, 1, 91818, 5, 5, 124),
('2354', 'Hyundai', 'i30 Kombi', 'manuell', 2, 1, 122806, 5, 5, 160),
('2355', 'Kia', 'Ceed SW', 'automatik', 2, 2, 144759, 5, 5, 56),
('2356', 'Renault', 'Mégane Grandtour', 'manuell', 2, 3, 144779, 5, 5, 62),
('2357', 'Mazda', '6 Kombi', 'automatik', 2, 2, 174569, 5, 5, 16),
('2358', 'Volvo', 'V60', 'automatik', 2, 2, 67845, 5, 5, 83),
('2359', 'Toyota', 'Corolla Touring Sports', 'automatik', 2, 1, 40534, 5, 5, 112),
('2360', 'Honda', 'Civic Tourer', 'manuell', 2, 3, 50389, 5, 5, 17),
('2361', 'Dacia', 'Logan MCV', 'manuell', 2, 1, 88899, 5, 5, 138),
('2362', 'Fiat', 'Tipo Kombi', 'automatik', 2, 3, 28079, 5, 5, 117),
('2363', 'Subaru', 'Levorg', 'automatik', 2, 3, 67055, 5, 5, 31),
('2364', 'Seat', 'Leon ST', 'automatik', 2, 3, 32516, 5, 5, 45),
('2365', 'Chevrolet', 'Cruze Station Wagon', 'manuell', 2, 2, 100433, 5, 5, 60),
('2366', 'VW', 'Touran', 'automatik', 3, 2, 56743, 5, 7, 90),
('2367', 'Ford', 'S-Max', 'automatik', 3, 3, 26701, 5, 7, 143),
('2368', 'Opel', 'Zafira', 'manuell', 3, 1, 34559, 5, 7, 100),
('2369', 'Renault', 'Espace', 'automatik', 3, 3, 99824, 5, 7, 10),
('2370', 'Citroën', 'Grand C4 SpaceTourer', 'automatik', 3, 3, 107102, 5, 7, 103),
('2371', 'Mercedes-Benz', 'Sprinter', 'manuell', 4, 3, 42537, 4, 9, 143),
('2372', 'Ford', 'Transit', 'manuell', 4, 1, 51779, 4, 9, 50),
('2373', 'VW', 'Crafter', 'automatik', 4, 2, 168186, 4, 9, 12),
('2374', 'Peugeot', 'Boxer', 'manuell', 4, 2, 135506, 4, 9, 67),
('2375', 'Renault', 'Master', 'automatik', 4, 2, 32814, 4, 9, 11),
('2376', 'VW', 'Tiguan', 'automatik', 5, 3, 26097, 5, 5, 166),
('2377', 'BMW', 'X1', 'automatik', 5, 2, 25425, 5, 5, 91),
('2378', 'Audi', 'Q3', 'automatik', 5, 3, 157027, 5, 5, 83),
('2379', 'Mercedes-Benz', 'GLA', 'automatik', 5, 1, 160659, 5, 5, 143),
('2380', 'Hyundai', 'Tucson', 'automatik', 5, 1, 100297, 5, 5, 27),
('2381', 'Kia', 'Sportage', 'automatik', 5, 2, 22547, 5, 5, 118),
('2382', 'Ford', 'Kuga', 'automatik', 5, 3, 26529, 5, 5, 54),
('2383', 'Opel', 'Grandland', 'automatik', 5, 2, 91274, 5, 5, 7),
('2384', 'Renault', 'Kadjar', 'automatik', 5, 1, 178467, 5, 5, 77),
('2385', 'Peugeot', '3008', 'automatik', 5, 2, 94172, 5, 5, 149),
('2386', 'Dacia', 'Duster', 'manuell', 5, 1, 39795, 5, 5, 67),
('2387', 'Mazda', 'CX-5', 'automatik', 5, 1, 49097, 5, 5, 46),
('2388', 'Toyota', 'RAV4', 'automatik', 5, 2, 47594, 5, 5, 112),
('2389', 'Honda', 'CR-V', 'automatik', 5, 1, 21623, 5, 5, 8),
('2390', 'Skoda', 'Karoq', 'automatik', 5, 3, 130052, 5, 5, 122),
('2391', 'Seat', 'Ateca', 'automatik', 5, 3, 140968, 5, 5, 46),
('2392', 'Nissan', 'Qashqai', 'automatik', 5, 2, 120107, 5, 5, 9),
('2393', 'Subaru', 'Forester', 'automatik', 5, 3, 172071, 5, 5, 111),
('2394', 'Volvo', 'XC40', 'automatik', 5, 3, 62954, 5, 5, 6),
('2395', 'Chevrolet', 'Captiva', 'manuell', 5, 3, 58285, 5, 5, 120),
('2396', 'Ford', 'Ranger', 'manuell', 6, 3, 164673, 4, 5, 82),
('2397', 'Toyota', 'Hilux', 'automatik', 6, 2, 63131, 4, 5, 11),
('2398', 'Nissan', 'Navara', 'manuell', 6, 1, 69891, 4, 5, 51),
('2399', 'Mitsubishi', 'L200', 'manuell', 6, 2, 12897, 4, 5, 120),
('2400', 'Isuzu', 'D-Max', 'manuell', 6, 1, 138205, 4, 5, 56),
('2401', 'Volkswagen', 'Amarok', 'automatik', 6, 2, 130862, 4, 5, 30),
('2402', 'Chevrolet', 'Colorado', 'automatik', 6, 2, 137208, 4, 5, 145),
('2403', 'Mazda', 'BT-50', 'manuell', 6, 3, 124769, 4, 5, 77),
('2404', 'Jeep', 'Gladiator', 'automatik', 6, 3, 127334, 4, 5, 46),
('2405', 'Ram', '1500', 'automatik', 6, 3, 87499, 4, 5, 112),
('2406', 'BMW', '2er Cabrio', 'automatik', 7, 1, 138071, 2, 4, 108),
('2407', 'Audi', 'A3 Cabriolet', 'automatik', 7, 3, 124943, 2, 4, 139),
('2408', 'Mercedes-Benz', 'C-Klasse Cabrio', 'automatik', 7, 3, 107537, 2, 4, 104),
('2409', 'VW', 'T-Roc Cabrio', 'automatik', 7, 3, 97417, 2, 4, 3),
('2410', 'Mini', 'Cabrio', 'manuell', 7, 1, 153632, 2, 4, 165),
('2411', 'Mazda', 'MX-5', 'manuell', 7, 1, 13747, 2, 2, 38),
('2412', 'Fiat', '124 Spider', 'manuell', 7, 1, 23525, 2, 2, 154),
('2413', 'Ford', 'Mustang Cabrio', 'automatik', 7, 1, 103982, 2, 4, 125),
('2414', 'Opel', 'Cascada', 'automatik', 7, 2, 28785, 2, 4, 66),
('2415', 'Peugeot', '308 CC', 'manuell', 7, 2, 13836, 2, 4, 53),
('2416', 'Renault', 'Mégane CC', 'manuell', 7, 3, 138644, 2, 4, 1),
('2417', 'Volkswagen', 'Eos', 'automatik', 7, 2, 166411, 2, 4, 80),
('2418', 'Saab', '9-3 Cabrio', 'automatik', 7, 1, 84037, 2, 4, 1),
('2419', 'Chevrolet', 'Camaro Cabrio', 'automatik', 7, 1, 91020, 2, 4, 70),
('2420', 'Chrysler', 'Sebring Cabrio', 'automatik', 7, 2, 144716, 2, 4, 18),
('2421', 'Citroën', 'C3 Pluriel', 'manuell', 7, 2, 45717, 2, 4, 111),
('2422', 'Smart', 'Fortwo Cabrio', 'automatik', 7, 2, 69346, 2, 2, 70),
('2423', 'BMW', 'Z4 Cabrio', 'automatik', 7, 2, 104178, 2, 2, 35),
('2424', 'Audi', 'TT Roadster', 'automatik', 7, 3, 169010, 2, 2, 164),
('2425', 'Mercedes-Benz', 'SLK', 'automatik', 7, 1, 138247, 2, 2, 151),
('2426', 'Mazda', 'MX-5 RF', 'manuell', 8, 1, 47774, 2, 2, 34),
('2427', 'BMW', 'Z4', 'automatik', 8, 2, 166603, 2, 2, 9),
('2428', 'Porsche', 'Boxster', 'automatik', 8, 1, 149931, 2, 2, 46),
('2429', 'Audi', 'TT Roadster', 'automatik', 8, 2, 82495, 2, 2, 88),
('2430', 'Mercedes-Benz', 'SLK', 'automatik', 8, 2, 174556, 2, 2, 36),
('2431', 'Fiat', '124 Spider', 'manuell', 8, 3, 135123, 2, 2, 88),
('2432', 'Honda', 'S2000', 'manuell', 8, 3, 91367, 2, 2, 117),
('2433', 'MG', 'TF', 'manuell', 8, 2, 176449, 2, 2, 73),
('2434', 'Toyota', 'MR2', 'manuell', 8, 1, 117440, 2, 2, 49),
('2435', 'Alfa Romeo', 'Spider', 'manuell', 8, 3, 61804, 2, 2, 152),
('2436', 'Lotus', 'Elise', 'manuell', 8, 3, 137813, 2, 2, 141),
('2437', 'Chevrolet', 'Corvette C5', 'automatik', 8, 1, 89263, 2, 2, 133),
('2438', 'Daihatsu', 'Copen', 'manuell', 8, 3, 82285, 2, 2, 113),
('2439', 'Opel', 'GT', 'manuell', 8, 1, 33922, 2, 2, 17),
('2440', 'Renault', 'Wind', 'manuell', 8, 3, 124851, 2, 2, 25),
('2441', 'Tesla', 'Roadster', 'automatik', 8, 3, 102401, 2, 2, 39),
('2442', 'Peugeot', '207 CC', 'manuell', 8, 2, 47191, 2, 2, 68),
('2443', 'Volkswagen', 'Karmann Ghia', 'manuell', 8, 2, 117541, 2, 2, 47),
('2444', 'Chrysler', 'Crossfire', 'automatik', 8, 3, 134901, 2, 2, 161),
('2445', 'Mini', 'Roadster', 'manuell', 8, 1, 161484, 2, 2, 140),
('2446', 'BMW', '5er', 'automatik', 9, 3, 73048, 4, 5, 83),
('2447', 'Mercedes-Benz', 'E-Klasse', 'automatik', 9, 1, 128235, 4, 5, 70),
('2448', 'Audi', 'A6', 'automatik', 9, 3, 101838, 4, 5, 10),
('2449', 'Skoda', 'Superb', 'automatik', 9, 1, 146989, 4, 5, 25),
('2450', 'Volkswagen', 'Arteon', 'automatik', 9, 3, 28661, 4, 5, 115),
('2451', 'Ford', 'Mondeo', 'manuell', 9, 1, 54540, 4, 5, 138),
('2452', 'Hyundai', 'i40', 'automatik', 9, 3, 38474, 4, 5, 153),
('2453', 'Kia', 'Optima', 'automatik', 9, 3, 133113, 4, 5, 94),
('2454', 'Toyota', 'Camry', 'automatik', 9, 1, 152923, 4, 5, 153),
('2455', 'Mazda', '6', 'automatik', 9, 3, 84310, 4, 5, 121),
('2456', 'Renault', 'Talisman', 'automatik', 9, 3, 106861, 4, 5, 165),
('2457', 'Peugeot', '508', 'automatik', 9, 1, 138521, 4, 5, 102),
('2458', 'Volvo', 'S90', 'automatik', 9, 2, 38854, 4, 5, 15),
('2459', 'Opel', 'Insignia', 'automatik', 9, 3, 132547, 4, 5, 116),
('2460', 'Honda', 'Accord', 'automatik', 9, 2, 152610, 4, 5, 53),
('2461', 'Subaru', 'Legacy', 'manuell', 9, 1, 173505, 4, 5, 162),
('2462', 'Chevrolet', 'Malibu', 'automatik', 9, 3, 157549, 4, 5, 20),
('2463', 'Citroën', 'C5', 'automatik', 9, 1, 44377, 4, 5, 72),
('2464', 'Dacia', 'Logan', 'manuell', 9, 2, 39357, 4, 5, 17),
('2465', 'Alfa Romeo', 'Giulia', 'automatik', 9, 2, 41426, 4, 5, 97),
('2466', 'Hymer', 'B-Klasse ModernComfort', 'automatik', 10, 1, 175384, 3, 4, 104),
('2467', 'Knaus', 'Sky TI', 'manuell', 10, 3, 35004, 3, 4, 67),
('2468', 'Dethleffs', 'Trend T', 'manuell', 10, 1, 82352, 3, 4, 162),
('2469', 'Carado', 'T448', 'manuell', 10, 2, 68881, 3, 4, 107),
('2470', 'Weinsberg', 'CaraSuite', 'manuell', 10, 2, 151902, 3, 4, 72),
('2471', 'Porsche', '911', 'automatik', 11, 1, 144357, 2, 4, 46),
('2472', 'Ferrari', '488 GTB', 'automatik', 11, 2, 163516, 2, 2, 140),
('2473', 'Lamborghini', 'Huracán', 'automatik', 11, 3, 42299, 2, 2, 148),
('2474', 'McLaren', '570S', 'automatik', 11, 3, 43933, 2, 2, 121),
('2475', 'Chevrolet', 'Corvette', 'automatik', 11, 1, 81906, 2, 2, 34),
('2476', 'Audi', 'R8', 'automatik', 11, 3, 52538, 2, 2, 147),
('2477', 'Nissan', 'GT-R', 'automatik', 11, 1, 152770, 2, 4, 71),
('2478', 'BMW', 'M4', 'automatik', 11, 1, 11739, 2, 4, 119),
('2479', 'Mercedes-Benz', 'AMG GT', 'automatik', 11, 1, 17865, 2, 2, 65),
('2480', 'Jaguar', 'F-Type', 'automatik', 11, 1, 67183, 2, 2, 86),
('2481', 'VW', 'Up', 'manuell', 1, 1, 93910, 3, 4, 159),
('2482', 'Opel', 'Corsa', 'automatik', 1, 2, 82015, 5, 5, 79),
('2483', 'Renault', 'Twingo', 'manuell', 1, 3, 134323, 3, 4, 79),
('2484', 'Hyundai', 'i10', 'automatik', 1, 1, 176124, 5, 5, 7),
('2485', 'Peugeot', '208', 'manuell', 1, 3, 122884, 5, 5, 121),
('2486', 'Fiat', 'Panda', 'manuell', 1, 1, 173909, 5, 4, 25),
('2487', 'Toyota', 'Aygo', 'automatik', 1, 1, 107227, 5, 4, 149),
('2488', 'Kia', 'Picanto', 'manuell', 1, 3, 83280, 5, 5, 149),
('2489', 'Seat', 'Mii', 'manuell', 1, 2, 141861, 3, 4, 6),
('2490', 'Citroën', 'C1', 'automatik', 1, 1, 124663, 3, 4, 67),
('2491', 'Ford', 'Ka+', 'manuell', 1, 2, 47948, 5, 5, 1),
('2492', 'Chevrolet', 'Spark', 'manuell', 1, 2, 62799, 5, 4, 59),
('2493', 'Skoda', 'Citigo', 'manuell', 1, 3, 77388, 3, 4, 75),
('2494', 'Mitsubishi', 'Space Star', 'automatik', 1, 1, 23995, 5, 5, 157),
('2495', 'Suzuki', 'Celerio', 'manuell', 1, 1, 173318, 5, 5, 59),
('2496', 'Dacia', 'Sandero', 'manuell', 1, 3, 155602, 5, 5, 95),
('2497', 'Nissan', 'Micra', 'automatik', 1, 3, 79218, 5, 5, 131),
('2498', 'Mazda', '2', 'manuell', 1, 1, 46109, 5, 5, 30),
('2499', 'Honda', 'Jazz', 'automatik', 1, 3, 15873, 5, 5, 10),
('2500', 'Smart', 'Forfour', 'manuell', 1, 3, 85545, 4, 4, 49),
('2501', 'VW', 'Passat Variant', 'automatik', 2, 2, 175266, 5, 5, 91),
('2502', 'Ford', 'Focus Turnier', 'manuell', 2, 1, 130631, 5, 5, 147),
('2503', 'Opel', 'Astra Sports Tourer', 'automatik', 2, 1, 132581, 5, 5, 11),
('2504', 'Skoda', 'Octavia Combi', 'automatik', 2, 2, 49224, 5, 5, 143),
('2505', 'BMW', '3er Touring', 'automatik', 2, 2, 146252, 5, 5, 133),
('2506', 'Mercedes-Benz', 'C-Klasse T-Modell', 'automatik', 2, 3, 35646, 5, 5, 63),
('2507', 'Audi', 'A4 Avant', 'automatik', 2, 2, 178660, 5, 5, 99),
('2508', 'Peugeot', '308 SW', 'manuell', 2, 3, 89746, 5, 5, 154),
('2509', 'Hyundai', 'i30 Kombi', 'manuell', 2, 1, 89518, 5, 5, 160),
('2510', 'Kia', 'Ceed SW', 'automatik', 2, 3, 161815, 5, 5, 156),
('2511', 'Renault', 'Mégane Grandtour', 'manuell', 2, 3, 90059, 5, 5, 2),
('2512', 'Mazda', '6 Kombi', 'automatik', 2, 3, 152399, 5, 5, 92),
('2513', 'Volvo', 'V60', 'automatik', 2, 3, 155288, 5, 5, 23),
('2514', 'Toyota', 'Corolla Touring Sports', 'automatik', 2, 1, 119666, 5, 5, 40),
('2515', 'Honda', 'Civic Tourer', 'manuell', 2, 2, 82704, 5, 5, 59),
('2516', 'Dacia', 'Logan MCV', 'manuell', 2, 1, 128926, 5, 5, 80),
('2517', 'Fiat', 'Tipo Kombi', 'automatik', 2, 1, 45631, 5, 5, 6),
('2518', 'Subaru', 'Levorg', 'automatik', 2, 1, 100115, 5, 5, 67),
('2519', 'Seat', 'Leon ST', 'automatik', 2, 3, 85960, 5, 5, 149),
('2520', 'Chevrolet', 'Cruze Station Wagon', 'manuell', 2, 2, 138365, 5, 5, 5),
('2521', 'VW', 'Touran', 'automatik', 3, 2, 150887, 5, 7, 60),
('2522', 'Ford', 'S-Max', 'automatik', 3, 3, 39473, 5, 7, 150),
('2523', 'Opel', 'Zafira', 'manuell', 3, 1, 129188, 5, 7, 26),
('2524', 'Renault', 'Espace', 'automatik', 3, 3, 81882, 5, 7, 88),
('2525', 'Citroën', 'Grand C4 SpaceTourer', 'automatik', 3, 2, 176732, 5, 7, 118),
('2526', 'Mercedes-Benz', 'Sprinter', 'manuell', 4, 1, 164785, 4, 9, 110),
('2527', 'Ford', 'Transit', 'manuell', 4, 3, 38673, 4, 9, 118),
('2528', 'VW', 'Crafter', 'automatik', 4, 2, 38532, 4, 9, 63),
('2529', 'Peugeot', 'Boxer', 'manuell', 4, 2, 92140, 4, 9, 64),
('2530', 'Renault', 'Master', 'automatik', 4, 3, 119859, 4, 9, 144),
('2531', 'VW', 'Tiguan', 'automatik', 5, 1, 152408, 5, 5, 55),
('2532', 'BMW', 'X1', 'automatik', 5, 1, 61415, 5, 5, 112),
('2533', 'Audi', 'Q3', 'automatik', 5, 2, 175297, 5, 5, 44),
('2534', 'Mercedes-Benz', 'GLA', 'automatik', 5, 1, 34967, 5, 5, 110),
('2535', 'Hyundai', 'Tucson', 'automatik', 5, 2, 141553, 5, 5, 49),
('2536', 'Kia', 'Sportage', 'automatik', 5, 3, 155856, 5, 5, 156),
('2537', 'Ford', 'Kuga', 'automatik', 5, 1, 105038, 5, 5, 49),
('2538', 'Opel', 'Grandland', 'automatik', 5, 1, 178482, 5, 5, 100),
('2539', 'Renault', 'Kadjar', 'automatik', 5, 3, 30123, 5, 5, 20),
('2540', 'Peugeot', '3008', 'automatik', 5, 1, 20681, 5, 5, 18),
('2541', 'Dacia', 'Duster', 'manuell', 5, 2, 154455, 5, 5, 89),
('2542', 'Mazda', 'CX-5', 'automatik', 5, 1, 84619, 5, 5, 117),
('2543', 'Toyota', 'RAV4', 'automatik', 5, 2, 62424, 5, 5, 109),
('2544', 'Honda', 'CR-V', 'automatik', 5, 2, 103841, 5, 5, 15),
('2545', 'Skoda', 'Karoq', 'automatik', 5, 1, 58501, 5, 5, 57),
('2546', 'Seat', 'Ateca', 'automatik', 5, 1, 17856, 5, 5, 44),
('2547', 'Nissan', 'Qashqai', 'automatik', 5, 3, 42396, 5, 5, 29),
('2548', 'Subaru', 'Forester', 'automatik', 5, 1, 138735, 5, 5, 10),
('2549', 'Volvo', 'XC40', 'automatik', 5, 1, 95041, 5, 5, 90),
('2550', 'Chevrolet', 'Captiva', 'manuell', 5, 1, 137554, 5, 5, 149),
('2551', 'Ford', 'Ranger', 'manuell', 6, 2, 50274, 4, 5, 133),
('2552', 'Toyota', 'Hilux', 'automatik', 6, 1, 108431, 4, 5, 80),
('2553', 'Nissan', 'Navara', 'manuell', 6, 2, 115717, 4, 5, 20),
('2554', 'Mitsubishi', 'L200', 'manuell', 6, 1, 127594, 4, 5, 140),
('2555', 'Isuzu', 'D-Max', 'manuell', 6, 3, 72514, 4, 5, 28),
('2556', 'Volkswagen', 'Amarok', 'automatik', 6, 1, 161227, 4, 5, 29),
('2557', 'Chevrolet', 'Colorado', 'automatik', 6, 2, 136441, 4, 5, 137),
('2558', 'Mazda', 'BT-50', 'manuell', 6, 2, 161843, 4, 5, 33),
('2559', 'Jeep', 'Gladiator', 'automatik', 6, 3, 53153, 4, 5, 93),
('2560', 'Ram', '1500', 'automatik', 6, 2, 108141, 4, 5, 25),
('2561', 'BMW', '2er Cabrio', 'automatik', 7, 3, 173348, 2, 4, 133),
('2562', 'Audi', 'A3 Cabriolet', 'automatik', 7, 3, 169538, 2, 4, 141),
('2563', 'Mercedes-Benz', 'C-Klasse Cabrio', 'automatik', 7, 3, 164940, 2, 4, 2),
('2564', 'VW', 'T-Roc Cabrio', 'automatik', 7, 3, 110320, 2, 4, 10),
('2565', 'Mini', 'Cabrio', 'manuell', 7, 2, 24389, 2, 4, 147),
('2566', 'Mazda', 'MX-5', 'manuell', 7, 3, 115007, 2, 2, 34),
('2567', 'Fiat', '124 Spider', 'manuell', 7, 3, 96505, 2, 2, 67),
('2568', 'Ford', 'Mustang Cabrio', 'automatik', 7, 2, 169593, 2, 4, 108),
('2569', 'Opel', 'Cascada', 'automatik', 7, 3, 24722, 2, 4, 40),
('2570', 'Peugeot', '308 CC', 'manuell', 7, 1, 82225, 2, 4, 17),
('2571', 'Renault', 'Mégane CC', 'manuell', 7, 1, 138543, 2, 4, 120),
('2572', 'Volkswagen', 'Eos', 'automatik', 7, 1, 144370, 2, 4, 43),
('2573', 'Saab', '9-3 Cabrio', 'automatik', 7, 3, 152861, 2, 4, 28),
('2574', 'Chevrolet', 'Camaro Cabrio', 'automatik', 7, 3, 77525, 2, 4, 57),
('2575', 'Chrysler', 'Sebring Cabrio', 'automatik', 7, 3, 91183, 2, 4, 114),
('2576', 'Citroën', 'C3 Pluriel', 'manuell', 7, 2, 50699, 2, 4, 45),
('2577', 'Smart', 'Fortwo Cabrio', 'automatik', 7, 3, 33616, 2, 2, 38),
('2578', 'BMW', 'Z4 Cabrio', 'automatik', 7, 1, 176168, 2, 2, 4),
('2579', 'Audi', 'TT Roadster', 'automatik', 7, 2, 89917, 2, 2, 82),
('2580', 'Mercedes-Benz', 'SLK', 'automatik', 7, 3, 65265, 2, 2, 103),
('2581', 'Mazda', 'MX-5 RF', 'manuell', 8, 2, 150167, 2, 2, 139),
('2582', 'BMW', 'Z4', 'automatik', 8, 1, 126272, 2, 2, 136),
('2583', 'Porsche', 'Boxster', 'automatik', 8, 1, 43056, 2, 2, 163),
('2584', 'Audi', 'TT Roadster', 'automatik', 8, 3, 61063, 2, 2, 127),
('2585', 'Mercedes-Benz', 'SLK', 'automatik', 8, 2, 36669, 2, 2, 10),
('2586', 'Fiat', '124 Spider', 'manuell', 8, 1, 35954, 2, 2, 111),
('2587', 'Honda', 'S2000', 'manuell', 8, 2, 98778, 2, 2, 36),
('2588', 'MG', 'TF', 'manuell', 8, 2, 24337, 2, 2, 24),
('2589', 'Toyota', 'MR2', 'manuell', 8, 1, 99344, 2, 2, 35),
('2590', 'Alfa Romeo', 'Spider', 'manuell', 8, 3, 71869, 2, 2, 91),
('2591', 'Lotus', 'Elise', 'manuell', 8, 2, 134437, 2, 2, 67),
('2592', 'Chevrolet', 'Corvette C5', 'automatik', 8, 2, 82096, 2, 2, 113),
('2593', 'Daihatsu', 'Copen', 'manuell', 8, 3, 127066, 2, 2, 84),
('2594', 'Opel', 'GT', 'manuell', 8, 2, 179677, 2, 2, 41),
('2595', 'Renault', 'Wind', 'manuell', 8, 3, 127606, 2, 2, 135),
('2596', 'Tesla', 'Roadster', 'automatik', 8, 1, 159828, 2, 2, 146),
('2597', 'Peugeot', '207 CC', 'manuell', 8, 3, 85719, 2, 2, 48),
('2598', 'Volkswagen', 'Karmann Ghia', 'manuell', 8, 3, 155077, 2, 2, 164),
('2599', 'Chrysler', 'Crossfire', 'automatik', 8, 2, 112907, 2, 2, 57),
('2600', 'Mini', 'Roadster', 'manuell', 8, 3, 84412, 2, 2, 16),
('2601', 'BMW', '5er', 'automatik', 9, 3, 34057, 4, 5, 47),
('2602', 'Mercedes-Benz', 'E-Klasse', 'automatik', 9, 3, 153274, 4, 5, 158),
('2603', 'Audi', 'A6', 'automatik', 9, 1, 64333, 4, 5, 82),
('2604', 'Skoda', 'Superb', 'automatik', 9, 2, 147422, 4, 5, 16),
('2605', 'Volkswagen', 'Arteon', 'automatik', 9, 3, 105567, 4, 5, 35),
('2606', 'Ford', 'Mondeo', 'manuell', 9, 1, 26797, 4, 5, 69),
('2607', 'Hyundai', 'i40', 'automatik', 9, 3, 78471, 4, 5, 150),
('2608', 'Kia', 'Optima', 'automatik', 9, 3, 100581, 4, 5, 63),
('2609', 'Toyota', 'Camry', 'automatik', 9, 2, 49865, 4, 5, 127),
('2610', 'Mazda', '6', 'automatik', 9, 2, 146479, 4, 5, 130),
('2611', 'Renault', 'Talisman', 'automatik', 9, 1, 125546, 4, 5, 5),
('2612', 'Peugeot', '508', 'automatik', 9, 2, 98085, 4, 5, 105),
('2613', 'Volvo', 'S90', 'automatik', 9, 3, 23148, 4, 5, 57),
('2614', 'Opel', 'Insignia', 'automatik', 9, 1, 99755, 4, 5, 157),
('2615', 'Honda', 'Accord', 'automatik', 9, 2, 91217, 4, 5, 104),
('2616', 'Subaru', 'Legacy', 'manuell', 9, 2, 135744, 4, 5, 65),
('2617', 'Chevrolet', 'Malibu', 'automatik', 9, 2, 108337, 4, 5, 133),
('2618', 'Citroën', 'C5', 'automatik', 9, 2, 176427, 4, 5, 125),
('2619', 'Dacia', 'Logan', 'manuell', 9, 3, 39572, 4, 5, 40),
('2620', 'Alfa Romeo', 'Giulia', 'automatik', 9, 2, 44313, 4, 5, 74),
('2621', 'Hymer', 'B-Klasse ModernComfort', 'automatik', 10, 3, 179032, 3, 4, 46),
('2622', 'Knaus', 'Sky TI', 'manuell', 10, 1, 115219, 3, 4, 147),
('2623', 'Dethleffs', 'Trend T', 'manuell', 10, 2, 151261, 3, 4, 108),
('2624', 'Carado', 'T448', 'manuell', 10, 3, 106009, 3, 4, 30),
('2625', 'Weinsberg', 'CaraSuite', 'manuell', 10, 1, 78665, 3, 4, 74),
('2626', 'Porsche', '911', 'automatik', 11, 2, 151568, 2, 4, 39),
('2627', 'Ferrari', '488 GTB', 'automatik', 11, 2, 163347, 2, 2, 79),
('2628', 'Lamborghini', 'Huracán', 'automatik', 11, 2, 97897, 2, 2, 28),
('2629', 'McLaren', '570S', 'automatik', 11, 1, 147986, 2, 2, 95),
('2630', 'Chevrolet', 'Corvette', 'automatik', 11, 1, 135792, 2, 2, 114),
('2631', 'Audi', 'R8', 'automatik', 11, 3, 60759, 2, 2, 125),
('2632', 'Nissan', 'GT-R', 'automatik', 11, 2, 157190, 2, 4, 135),
('2633', 'BMW', 'M4', 'automatik', 11, 1, 134600, 2, 4, 78),
('2634', 'Mercedes-Benz', 'AMG GT', 'automatik', 11, 1, 32814, 2, 2, 116),
('2635', 'Jaguar', 'F-Type', 'automatik', 11, 2, 148027, 2, 2, 158),
('2636', 'VW', 'Up', 'manuell', 1, 3, 90574, 3, 4, 54),
('2637', 'Opel', 'Corsa', 'automatik', 1, 1, 64872, 5, 5, 43),
('2638', 'Renault', 'Twingo', 'manuell', 1, 2, 137684, 3, 4, 126),
('2639', 'Hyundai', 'i10', 'automatik', 1, 3, 154477, 5, 5, 7),
('2640', 'Peugeot', '208', 'manuell', 1, 2, 72008, 5, 5, 141),
('2641', 'Fiat', 'Panda', 'manuell', 1, 1, 170901, 5, 4, 12),
('2642', 'Toyota', 'Aygo', 'automatik', 1, 1, 154462, 5, 4, 120),
('2643', 'Kia', 'Picanto', 'manuell', 1, 1, 104801, 5, 5, 114),
('2644', 'Seat', 'Mii', 'manuell', 1, 2, 171006, 3, 4, 152),
('2645', 'Citroën', 'C1', 'automatik', 1, 3, 161322, 3, 4, 122),
('2646', 'Ford', 'Ka+', 'manuell', 1, 2, 159155, 5, 5, 77),
('2647', 'Chevrolet', 'Spark', 'manuell', 1, 1, 179217, 5, 4, 104),
('2648', 'Skoda', 'Citigo', 'manuell', 1, 2, 126137, 3, 4, 93),
('2649', 'Mitsubishi', 'Space Star', 'automatik', 1, 2, 97413, 5, 5, 45),
('2650', 'Suzuki', 'Celerio', 'manuell', 1, 3, 171444, 5, 5, 106),
('2651', 'Dacia', 'Sandero', 'manuell', 1, 3, 58359, 5, 5, 109),
('2652', 'Nissan', 'Micra', 'automatik', 1, 1, 88089, 5, 5, 161),
('2653', 'Mazda', '2', 'manuell', 1, 2, 130640, 5, 5, 62),
('2654', 'Honda', 'Jazz', 'automatik', 1, 2, 41798, 5, 5, 71),
('2655', 'Smart', 'Forfour', 'manuell', 1, 3, 139475, 4, 4, 156),
('2656', 'VW', 'Passat Variant', 'automatik', 2, 2, 104609, 5, 5, 30),
('2657', 'Ford', 'Focus Turnier', 'manuell', 2, 2, 51546, 5, 5, 21),
('2658', 'Opel', 'Astra Sports Tourer', 'automatik', 2, 2, 25095, 5, 5, 20),
('2659', 'Skoda', 'Octavia Combi', 'automatik', 2, 1, 146162, 5, 5, 42),
('2660', 'BMW', '3er Touring', 'automatik', 2, 2, 15920, 5, 5, 41),
('2661', 'Mercedes-Benz', 'C-Klasse T-Modell', 'automatik', 2, 1, 45829, 5, 5, 139),
('2662', 'Audi', 'A4 Avant', 'automatik', 2, 1, 57617, 5, 5, 86),
('2663', 'Peugeot', '308 SW', 'manuell', 2, 3, 69075, 5, 5, 34),
('2664', 'Hyundai', 'i30 Kombi', 'manuell', 2, 2, 22098, 5, 5, 84),
('2665', 'Kia', 'Ceed SW', 'automatik', 2, 1, 61429, 5, 5, 80),
('2666', 'Renault', 'Mégane Grandtour', 'manuell', 2, 1, 155583, 5, 5, 158),
('2667', 'Mazda', '6 Kombi', 'automatik', 2, 1, 31297, 5, 5, 2),
('2668', 'Volvo', 'V60', 'automatik', 2, 2, 163849, 5, 5, 160),
('2669', 'Toyota', 'Corolla Touring Sports', 'automatik', 2, 1, 118108, 5, 5, 30),
('2670', 'Honda', 'Civic Tourer', 'manuell', 2, 1, 154256, 5, 5, 35),
('2671', 'Dacia', 'Logan MCV', 'manuell', 2, 1, 15871, 5, 5, 9),
('2672', 'Fiat', 'Tipo Kombi', 'automatik', 2, 3, 125158, 5, 5, 93),
('2673', 'Subaru', 'Levorg', 'automatik', 2, 1, 13393, 5, 5, 73),
('2674', 'Seat', 'Leon ST', 'automatik', 2, 2, 18183, 5, 5, 53),
('2675', 'Chevrolet', 'Cruze Station Wagon', 'manuell', 2, 3, 96789, 5, 5, 14),
('2676', 'VW', 'Touran', 'automatik', 3, 2, 88664, 5, 7, 9),
('2677', 'Ford', 'S-Max', 'automatik', 3, 2, 23707, 5, 7, 115),
('2678', 'Opel', 'Zafira', 'manuell', 3, 2, 49680, 5, 7, 33),
('2679', 'Renault', 'Espace', 'automatik', 3, 1, 63792, 5, 7, 47),
('2680', 'Citroën', 'Grand C4 SpaceTourer', 'automatik', 3, 2, 26065, 5, 7, 93),
('2681', 'Mercedes-Benz', 'Sprinter', 'manuell', 4, 2, 68871, 4, 9, 70),
('2682', 'Ford', 'Transit', 'manuell', 4, 1, 105100, 4, 9, 115),
('2683', 'VW', 'Crafter', 'automatik', 4, 3, 63730, 4, 9, 58),
('2684', 'Peugeot', 'Boxer', 'manuell', 4, 1, 78524, 4, 9, 109),
('2685', 'Renault', 'Master', 'automatik', 4, 3, 91137, 4, 9, 55),
('2686', 'VW', 'Tiguan', 'automatik', 5, 3, 45718, 5, 5, 159),
('2687', 'BMW', 'X1', 'automatik', 5, 1, 13696, 5, 5, 107),
('2688', 'Audi', 'Q3', 'automatik', 5, 3, 100412, 5, 5, 75),
('2689', 'Mercedes-Benz', 'GLA', 'automatik', 5, 2, 109672, 5, 5, 90),
('2690', 'Hyundai', 'Tucson', 'automatik', 5, 2, 33323, 5, 5, 117),
('2691', 'Kia', 'Sportage', 'automatik', 5, 3, 34900, 5, 5, 8),
('2692', 'Ford', 'Kuga', 'automatik', 5, 2, 57068, 5, 5, 109),
('2693', 'Opel', 'Grandland', 'automatik', 5, 3, 101257, 5, 5, 63),
('2694', 'Renault', 'Kadjar', 'automatik', 5, 3, 102030, 5, 5, 87),
('2695', 'Peugeot', '3008', 'automatik', 5, 2, 153669, 5, 5, 126),
('2696', 'Dacia', 'Duster', 'manuell', 5, 1, 124754, 5, 5, 123),
('2697', 'Mazda', 'CX-5', 'automatik', 5, 1, 30722, 5, 5, 130),
('2698', 'Toyota', 'RAV4', 'automatik', 5, 2, 88187, 5, 5, 26),
('2699', 'Honda', 'CR-V', 'automatik', 5, 3, 136102, 5, 5, 30),
('2700', 'Skoda', 'Karoq', 'automatik', 5, 2, 56522, 5, 5, 145),
('2701', 'Seat', 'Ateca', 'automatik', 5, 2, 120699, 5, 5, 125),
('2702', 'Nissan', 'Qashqai', 'automatik', 5, 3, 178462, 5, 5, 98),
('2703', 'Subaru', 'Forester', 'automatik', 5, 1, 108276, 5, 5, 7),
('2704', 'Volvo', 'XC40', 'automatik', 5, 3, 157228, 5, 5, 43),
('2705', 'Chevrolet', 'Captiva', 'manuell', 5, 3, 62588, 5, 5, 112),
('2706', 'Ford', 'Ranger', 'manuell', 6, 2, 88384, 4, 5, 6),
('2707', 'Toyota', 'Hilux', 'automatik', 6, 3, 100114, 4, 5, 25),
('2708', 'Nissan', 'Navara', 'manuell', 6, 2, 67282, 4, 5, 1),
('2709', 'Mitsubishi', 'L200', 'manuell', 6, 1, 91497, 4, 5, 75),
('2710', 'Isuzu', 'D-Max', 'manuell', 6, 2, 69963, 4, 5, 163),
('2711', 'Volkswagen', 'Amarok', 'automatik', 6, 3, 52898, 4, 5, 97),
('2712', 'Chevrolet', 'Colorado', 'automatik', 6, 2, 72700, 4, 5, 10),
('2713', 'Mazda', 'BT-50', 'manuell', 6, 3, 159149, 4, 5, 37),
('2714', 'Jeep', 'Gladiator', 'automatik', 6, 3, 92148, 4, 5, 71),
('2715', 'Ram', '1500', 'automatik', 6, 2, 106150, 4, 5, 125),
('2716', 'BMW', '2er Cabrio', 'automatik', 7, 1, 38171, 2, 4, 93),
('2717', 'Audi', 'A3 Cabriolet', 'automatik', 7, 2, 148897, 2, 4, 124),
('2718', 'Mercedes-Benz', 'C-Klasse Cabrio', 'automatik', 7, 2, 123904, 2, 4, 21),
('2719', 'VW', 'T-Roc Cabrio', 'automatik', 7, 1, 46115, 2, 4, 131),
('2720', 'Mini', 'Cabrio', 'manuell', 7, 3, 152670, 2, 4, 137),
('2721', 'Mazda', 'MX-5', 'manuell', 7, 2, 128398, 2, 2, 15),
('2722', 'Fiat', '124 Spider', 'manuell', 7, 1, 123207, 2, 2, 116),
('2723', 'Ford', 'Mustang Cabrio', 'automatik', 7, 3, 31994, 2, 4, 26),
('2724', 'Opel', 'Cascada', 'automatik', 7, 1, 157539, 2, 4, 54),
('2725', 'Peugeot', '308 CC', 'manuell', 7, 3, 46357, 2, 4, 100),
('2726', 'Renault', 'Mégane CC', 'manuell', 7, 2, 163520, 2, 4, 137),
('2727', 'Volkswagen', 'Eos', 'automatik', 7, 3, 13742, 2, 4, 139),
('2728', 'Saab', '9-3 Cabrio', 'automatik', 7, 1, 123618, 2, 4, 146),
('2729', 'Chevrolet', 'Camaro Cabrio', 'automatik', 7, 2, 164797, 2, 4, 44),
('2730', 'Chrysler', 'Sebring Cabrio', 'automatik', 7, 2, 42832, 2, 4, 96),
('2731', 'Citroën', 'C3 Pluriel', 'manuell', 7, 3, 88408, 2, 4, 166),
('2732', 'Smart', 'Fortwo Cabrio', 'automatik', 7, 1, 121610, 2, 2, 92),
('2733', 'BMW', 'Z4 Cabrio', 'automatik', 7, 3, 40770, 2, 2, 20),
('2734', 'Audi', 'TT Roadster', 'automatik', 7, 2, 43413, 2, 2, 121),
('2735', 'Mercedes-Benz', 'SLK', 'automatik', 7, 2, 80741, 2, 2, 47),
('2736', 'Mazda', 'MX-5 RF', 'manuell', 8, 2, 150224, 2, 2, 35),
('2737', 'BMW', 'Z4', 'automatik', 8, 1, 149878, 2, 2, 90),
('2738', 'Porsche', 'Boxster', 'automatik', 8, 2, 152203, 2, 2, 66),
('2739', 'Audi', 'TT Roadster', 'automatik', 8, 1, 124743, 2, 2, 73),
('2740', 'Mercedes-Benz', 'SLK', 'automatik', 8, 3, 174941, 2, 2, 147),
('2741', 'Fiat', '124 Spider', 'manuell', 8, 3, 120541, 2, 2, 45),
('2742', 'Honda', 'S2000', 'manuell', 8, 1, 161617, 2, 2, 49),
('2743', 'MG', 'TF', 'manuell', 8, 1, 16684, 2, 2, 44),
('2744', 'Toyota', 'MR2', 'manuell', 8, 1, 39145, 2, 2, 28),
('2745', 'Alfa Romeo', 'Spider', 'manuell', 8, 2, 128227, 2, 2, 31),
('2746', 'Lotus', 'Elise', 'manuell', 8, 3, 175814, 2, 2, 118),
('2747', 'Chevrolet', 'Corvette C5', 'automatik', 8, 2, 109506, 2, 2, 33),
('2748', 'Daihatsu', 'Copen', 'manuell', 8, 2, 135770, 2, 2, 79),
('2749', 'Opel', 'GT', 'manuell', 8, 2, 99467, 2, 2, 158),
('2750', 'Renault', 'Wind', 'manuell', 8, 2, 65808, 2, 2, 22),
('2751', 'Tesla', 'Roadster', 'automatik', 8, 3, 158310, 2, 2, 22),
('2752', 'Peugeot', '207 CC', 'manuell', 8, 3, 49039, 2, 2, 155),
('2753', 'Volkswagen', 'Karmann Ghia', 'manuell', 8, 3, 122016, 2, 2, 112),
('2754', 'Chrysler', 'Crossfire', 'automatik', 8, 1, 56397, 2, 2, 31),
('2755', 'Mini', 'Roadster', 'manuell', 8, 1, 76465, 2, 2, 115),
('2756', 'BMW', '5er', 'automatik', 9, 1, 110424, 4, 5, 75),
('2757', 'Mercedes-Benz', 'E-Klasse', 'automatik', 9, 2, 159086, 4, 5, 157),
('2758', 'Audi', 'A6', 'automatik', 9, 3, 88074, 4, 5, 52),
('2759', 'Skoda', 'Superb', 'automatik', 9, 3, 148919, 4, 5, 141),
('2760', 'Volkswagen', 'Arteon', 'automatik', 9, 2, 154173, 4, 5, 82),
('2761', 'Ford', 'Mondeo', 'manuell', 9, 3, 139732, 4, 5, 129),
('2762', 'Hyundai', 'i40', 'automatik', 9, 1, 107971, 4, 5, 119),
('2763', 'Kia', 'Optima', 'automatik', 9, 2, 29577, 4, 5, 166),
('2764', 'Toyota', 'Camry', 'automatik', 9, 2, 135225, 4, 5, 124),
('2765', 'Mazda', '6', 'automatik', 9, 1, 68288, 4, 5, 85),
('2766', 'Renault', 'Talisman', 'automatik', 9, 1, 66741, 4, 5, 20),
('2767', 'Peugeot', '508', 'automatik', 9, 1, 20842, 4, 5, 93),
('2768', 'Volvo', 'S90', 'automatik', 9, 3, 16146, 4, 5, 114),
('2769', 'Opel', 'Insignia', 'automatik', 9, 2, 40309, 4, 5, 20),
('2770', 'Honda', 'Accord', 'automatik', 9, 2, 169777, 4, 5, 58),
('2771', 'Subaru', 'Legacy', 'manuell', 9, 1, 36090, 4, 5, 2),
('2772', 'Chevrolet', 'Malibu', 'automatik', 9, 1, 158274, 4, 5, 129),
('2773', 'Citroën', 'C5', 'automatik', 9, 3, 48717, 4, 5, 149),
('2774', 'Dacia', 'Logan', 'manuell', 9, 2, 117147, 4, 5, 92),
('2775', 'Alfa Romeo', 'Giulia', 'automatik', 9, 2, 51138, 4, 5, 129),
('2776', 'Hymer', 'B-Klasse ModernComfort', 'automatik', 10, 2, 162309, 3, 4, 56),
('2777', 'Knaus', 'Sky TI', 'manuell', 10, 2, 117568, 3, 4, 26),
('2778', 'Dethleffs', 'Trend T', 'manuell', 10, 1, 60486, 3, 4, 19),
('2779', 'Carado', 'T448', 'manuell', 10, 2, 80109, 3, 4, 36),
('2780', 'Weinsberg', 'CaraSuite', 'manuell', 10, 2, 28899, 3, 4, 157),
('2781', 'Porsche', '911', 'automatik', 11, 2, 32416, 2, 4, 94),
('2782', 'Ferrari', '488 GTB', 'automatik', 11, 2, 30161, 2, 2, 141),
('2783', 'Lamborghini', 'Huracán', 'automatik', 11, 2, 138156, 2, 2, 165),
('2784', 'McLaren', '570S', 'automatik', 11, 3, 17562, 2, 2, 129),
('2785', 'Chevrolet', 'Corvette', 'automatik', 11, 3, 81233, 2, 2, 155),
('2786', 'Audi', 'R8', 'automatik', 11, 1, 68364, 2, 2, 18),
('2787', 'Nissan', 'GT-R', 'automatik', 11, 3, 130632, 2, 4, 95),
('2788', 'BMW', 'M4', 'automatik', 11, 1, 33999, 2, 4, 11),
('2789', 'Mercedes-Benz', 'AMG GT', 'automatik', 11, 3, 111538, 2, 2, 143),
('2790', 'Jaguar', 'F-Type', 'automatik', 11, 1, 176826, 2, 2, 65),
('2791', 'VW', 'Up', 'manuell', 1, 1, 27873, 3, 4, 59),
('2792', 'Opel', 'Corsa', 'automatik', 1, 1, 16313, 5, 5, 109),
('2793', 'Renault', 'Twingo', 'manuell', 1, 1, 171526, 3, 4, 40),
('2794', 'Hyundai', 'i10', 'automatik', 1, 2, 16676, 5, 5, 96),
('2795', 'Peugeot', '208', 'manuell', 1, 3, 138619, 5, 5, 85),
('2796', 'Fiat', 'Panda', 'manuell', 1, 3, 76858, 5, 4, 101),
('2797', 'Toyota', 'Aygo', 'automatik', 1, 1, 129948, 5, 4, 101),
('2798', 'Kia', 'Picanto', 'manuell', 1, 3, 117065, 5, 5, 136),
('2799', 'Seat', 'Mii', 'manuell', 1, 3, 160005, 3, 4, 71),
('2800', 'Citroën', 'C1', 'automatik', 1, 2, 156613, 3, 4, 155),
('2801', 'Ford', 'Ka+', 'manuell', 1, 3, 90860, 5, 5, 21),
('2802', 'Chevrolet', 'Spark', 'manuell', 1, 3, 35455, 5, 4, 17),
('2803', 'Skoda', 'Citigo', 'manuell', 1, 3, 77501, 3, 4, 120),
('2804', 'Mitsubishi', 'Space Star', 'automatik', 1, 2, 25873, 5, 5, 118),
('2805', 'Suzuki', 'Celerio', 'manuell', 1, 2, 104873, 5, 5, 69),
('2806', 'Dacia', 'Sandero', 'manuell', 1, 2, 36939, 5, 5, 166),
('2807', 'Nissan', 'Micra', 'automatik', 1, 1, 75662, 5, 5, 106),
('2808', 'Mazda', '2', 'manuell', 1, 1, 10072, 5, 5, 139),
('2809', 'Honda', 'Jazz', 'automatik', 1, 2, 135864, 5, 5, 43),
('2810', 'Smart', 'Forfour', 'manuell', 1, 3, 145670, 4, 4, 147),
('2811', 'VW', 'Passat Variant', 'automatik', 2, 3, 31917, 5, 5, 43),
('2812', 'Ford', 'Focus Turnier', 'manuell', 2, 1, 90206, 5, 5, 33),
('2813', 'Opel', 'Astra Sports Tourer', 'automatik', 2, 3, 162766, 5, 5, 104),
('2814', 'Skoda', 'Octavia Combi', 'automatik', 2, 1, 107317, 5, 5, 75),
('2815', 'BMW', '3er Touring', 'automatik', 2, 1, 69414, 5, 5, 8),
('2816', 'Mercedes-Benz', 'C-Klasse T-Modell', 'automatik', 2, 2, 35510, 5, 5, 96),
('2817', 'Audi', 'A4 Avant', 'automatik', 2, 1, 136948, 5, 5, 96),
('2818', 'Peugeot', '308 SW', 'manuell', 2, 1, 42208, 5, 5, 113),
('2819', 'Hyundai', 'i30 Kombi', 'manuell', 2, 1, 167810, 5, 5, 85),
('2820', 'Kia', 'Ceed SW', 'automatik', 2, 1, 132672, 5, 5, 2),
('2821', 'Renault', 'Mégane Grandtour', 'manuell', 2, 2, 42657, 5, 5, 109),
('2822', 'Mazda', '6 Kombi', 'automatik', 2, 2, 54878, 5, 5, 53),
('2823', 'Volvo', 'V60', 'automatik', 2, 2, 137538, 5, 5, 53),
('2824', 'Toyota', 'Corolla Touring Sports', 'automatik', 2, 1, 101532, 5, 5, 164),
('2825', 'Honda', 'Civic Tourer', 'manuell', 2, 1, 10360, 5, 5, 157),
('2826', 'Dacia', 'Logan MCV', 'manuell', 2, 2, 52562, 5, 5, 97),
('2827', 'Fiat', 'Tipo Kombi', 'automatik', 2, 2, 34897, 5, 5, 10),
('2828', 'Subaru', 'Levorg', 'automatik', 2, 3, 109192, 5, 5, 31),
('2829', 'Seat', 'Leon ST', 'automatik', 2, 2, 79382, 5, 5, 89),
('2830', 'Chevrolet', 'Cruze Station Wagon', 'manuell', 2, 1, 64172, 5, 5, 109),
('2831', 'VW', 'Touran', 'automatik', 3, 2, 75302, 5, 7, 82),
('2832', 'Ford', 'S-Max', 'automatik', 3, 3, 133420, 5, 7, 166),
('2833', 'Opel', 'Zafira', 'manuell', 3, 1, 14601, 5, 7, 135),
('2834', 'Renault', 'Espace', 'automatik', 3, 3, 64610, 5, 7, 25),
('2835', 'Citroën', 'Grand C4 SpaceTourer', 'automatik', 3, 3, 37772, 5, 7, 57),
('2836', 'Mercedes-Benz', 'Sprinter', 'manuell', 4, 2, 62834, 4, 9, 105),
('2837', 'Ford', 'Transit', 'manuell', 4, 3, 173251, 4, 9, 158),
('2838', 'VW', 'Crafter', 'automatik', 4, 3, 78015, 4, 9, 87),
('2839', 'Peugeot', 'Boxer', 'manuell', 4, 3, 10609, 4, 9, 76),
('2840', 'Renault', 'Master', 'automatik', 4, 2, 150348, 4, 9, 72),
('2841', 'VW', 'Tiguan', 'automatik', 5, 1, 61203, 5, 5, 137),
('2842', 'BMW', 'X1', 'automatik', 5, 2, 159669, 5, 5, 15),
('2843', 'Audi', 'Q3', 'automatik', 5, 3, 89387, 5, 5, 163),
('2844', 'Mercedes-Benz', 'GLA', 'automatik', 5, 3, 141406, 5, 5, 50),
('2845', 'Hyundai', 'Tucson', 'automatik', 5, 3, 101875, 5, 5, 128),
('2846', 'Kia', 'Sportage', 'automatik', 5, 1, 40462, 5, 5, 163),
('2847', 'Ford', 'Kuga', 'automatik', 5, 2, 107491, 5, 5, 90),
('2848', 'Opel', 'Grandland', 'automatik', 5, 2, 35066, 5, 5, 139),
('2849', 'Renault', 'Kadjar', 'automatik', 5, 1, 80191, 5, 5, 153),
('2850', 'Peugeot', '3008', 'automatik', 5, 3, 177448, 5, 5, 163),
('2851', 'Dacia', 'Duster', 'manuell', 5, 2, 171667, 5, 5, 22),
('2852', 'Mazda', 'CX-5', 'automatik', 5, 3, 28410, 5, 5, 158),
('2853', 'Toyota', 'RAV4', 'automatik', 5, 2, 155354, 5, 5, 101),
('2854', 'Honda', 'CR-V', 'automatik', 5, 1, 127514, 5, 5, 65),
('2855', 'Skoda', 'Karoq', 'automatik', 5, 1, 104643, 5, 5, 166),
('2856', 'Seat', 'Ateca', 'automatik', 5, 1, 127408, 5, 5, 106),
('2857', 'Nissan', 'Qashqai', 'automatik', 5, 2, 150636, 5, 5, 55),
('2858', 'Subaru', 'Forester', 'automatik', 5, 2, 106114, 5, 5, 127),
('2859', 'Volvo', 'XC40', 'automatik', 5, 1, 131581, 5, 5, 37),
('2860', 'Chevrolet', 'Captiva', 'manuell', 5, 3, 39638, 5, 5, 65),
('2861', 'Ford', 'Ranger', 'manuell', 6, 2, 39670, 4, 5, 58),
('2862', 'Toyota', 'Hilux', 'automatik', 6, 3, 35733, 4, 5, 163),
('2863', 'Nissan', 'Navara', 'manuell', 6, 3, 77763, 4, 5, 158),
('2864', 'Mitsubishi', 'L200', 'manuell', 6, 3, 96138, 4, 5, 67),
('2865', 'Isuzu', 'D-Max', 'manuell', 6, 2, 70934, 4, 5, 71),
('2866', 'Volkswagen', 'Amarok', 'automatik', 6, 1, 124447, 4, 5, 22),
('2867', 'Chevrolet', 'Colorado', 'automatik', 6, 3, 68561, 4, 5, 116),
('2868', 'Mazda', 'BT-50', 'manuell', 6, 3, 109854, 4, 5, 122),
('2869', 'Jeep', 'Gladiator', 'automatik', 6, 3, 128619, 4, 5, 19),
('2870', 'Ram', '1500', 'automatik', 6, 1, 15621, 4, 5, 115),
('2871', 'BMW', '2er Cabrio', 'automatik', 7, 2, 121791, 2, 4, 112),
('2872', 'Audi', 'A3 Cabriolet', 'automatik', 7, 2, 132607, 2, 4, 69),
('2873', 'Mercedes-Benz', 'C-Klasse Cabrio', 'automatik', 7, 3, 63869, 2, 4, 45),
('2874', 'VW', 'T-Roc Cabrio', 'automatik', 7, 2, 99841, 2, 4, 143),
('2875', 'Mini', 'Cabrio', 'manuell', 7, 1, 177809, 2, 4, 88),
('2876', 'Mazda', 'MX-5', 'manuell', 7, 2, 122934, 2, 2, 33),
('2877', 'Fiat', '124 Spider', 'manuell', 7, 2, 34509, 2, 2, 104),
('2878', 'Ford', 'Mustang Cabrio', 'automatik', 7, 1, 96395, 2, 4, 87),
('2879', 'Opel', 'Cascada', 'automatik', 7, 2, 20884, 2, 4, 4),
('2880', 'Peugeot', '308 CC', 'manuell', 7, 2, 59807, 2, 4, 100),
('2881', 'Renault', 'Mégane CC', 'manuell', 7, 1, 53429, 2, 4, 75),
('2882', 'Volkswagen', 'Eos', 'automatik', 7, 1, 137178, 2, 4, 6),
('2883', 'Saab', '9-3 Cabrio', 'automatik', 7, 1, 137307, 2, 4, 110),
('2884', 'Chevrolet', 'Camaro Cabrio', 'automatik', 7, 3, 81086, 2, 4, 101),
('2885', 'Chrysler', 'Sebring Cabrio', 'automatik', 7, 1, 113691, 2, 4, 72),
('2886', 'Citroën', 'C3 Pluriel', 'manuell', 7, 3, 142525, 2, 4, 62),
('2887', 'Smart', 'Fortwo Cabrio', 'automatik', 7, 1, 135463, 2, 2, 67),
('2888', 'BMW', 'Z4 Cabrio', 'automatik', 7, 2, 178327, 2, 2, 76),
('2889', 'Audi', 'TT Roadster', 'automatik', 7, 3, 28177, 2, 2, 45),
('2890', 'Mercedes-Benz', 'SLK', 'automatik', 7, 1, 31693, 2, 2, 101),
('2891', 'Mazda', 'MX-5 RF', 'manuell', 8, 1, 144933, 2, 2, 104),
('2892', 'BMW', 'Z4', 'automatik', 8, 3, 106557, 2, 2, 8),
('2893', 'Porsche', 'Boxster', 'automatik', 8, 2, 125839, 2, 2, 50),
('2894', 'Audi', 'TT Roadster', 'automatik', 8, 1, 115566, 2, 2, 36),
('2895', 'Mercedes-Benz', 'SLK', 'automatik', 8, 3, 169013, 2, 2, 80),
('2896', 'Fiat', '124 Spider', 'manuell', 8, 2, 98008, 2, 2, 109),
('2897', 'Honda', 'S2000', 'manuell', 8, 2, 149758, 2, 2, 155),
('2898', 'MG', 'TF', 'manuell', 8, 3, 43260, 2, 2, 63),
('2899', 'Toyota', 'MR2', 'manuell', 8, 2, 140843, 2, 2, 73),
('2900', 'Alfa Romeo', 'Spider', 'manuell', 8, 3, 98508, 2, 2, 30),
('2901', 'Lotus', 'Elise', 'manuell', 8, 1, 110964, 2, 2, 151),
('2902', 'Chevrolet', 'Corvette C5', 'automatik', 8, 3, 69527, 2, 2, 20),
('2903', 'Daihatsu', 'Copen', 'manuell', 8, 2, 69956, 2, 2, 93),
('2904', 'Opel', 'GT', 'manuell', 8, 2, 18285, 2, 2, 139),
('2905', 'Renault', 'Wind', 'manuell', 8, 2, 116071, 2, 2, 111),
('2906', 'Tesla', 'Roadster', 'automatik', 8, 3, 15835, 2, 2, 52),
('2907', 'Peugeot', '207 CC', 'manuell', 8, 3, 100583, 2, 2, 73),
('2908', 'Volkswagen', 'Karmann Ghia', 'manuell', 8, 1, 151817, 2, 2, 1),
('2909', 'Chrysler', 'Crossfire', 'automatik', 8, 1, 103159, 2, 2, 66),
('2910', 'Mini', 'Roadster', 'manuell', 8, 1, 153960, 2, 2, 103),
('2911', 'BMW', '5er', 'automatik', 9, 1, 68657, 4, 5, 156),
('2912', 'Mercedes-Benz', 'E-Klasse', 'automatik', 9, 2, 81178, 4, 5, 14),
('2913', 'Audi', 'A6', 'automatik', 9, 2, 122391, 4, 5, 137),
('2914', 'Skoda', 'Superb', 'automatik', 9, 3, 169195, 4, 5, 114),
('2915', 'Volkswagen', 'Arteon', 'automatik', 9, 1, 159762, 4, 5, 50),
('2916', 'Ford', 'Mondeo', 'manuell', 9, 2, 154529, 4, 5, 3),
('2917', 'Hyundai', 'i40', 'automatik', 9, 1, 20531, 4, 5, 150),
('2918', 'Kia', 'Optima', 'automatik', 9, 2, 106729, 4, 5, 134),
('2919', 'Toyota', 'Camry', 'automatik', 9, 1, 46505, 4, 5, 146),
('2920', 'Mazda', '6', 'automatik', 9, 3, 167902, 4, 5, 88),
('2921', 'Renault', 'Talisman', 'automatik', 9, 1, 160831, 4, 5, 27),
('2922', 'Peugeot', '508', 'automatik', 9, 3, 70427, 4, 5, 38),
('2923', 'Volvo', 'S90', 'automatik', 9, 1, 152744, 4, 5, 146),
('2924', 'Opel', 'Insignia', 'automatik', 9, 3, 20321, 4, 5, 164),
('2925', 'Honda', 'Accord', 'automatik', 9, 2, 89754, 4, 5, 159),
('2926', 'Subaru', 'Legacy', 'manuell', 9, 1, 68443, 4, 5, 121),
('2927', 'Chevrolet', 'Malibu', 'automatik', 9, 1, 100803, 4, 5, 15),
('2928', 'Citroën', 'C5', 'automatik', 9, 2, 19960, 4, 5, 146),
('2929', 'Dacia', 'Logan', 'manuell', 9, 1, 172441, 4, 5, 77),
('2930', 'Alfa Romeo', 'Giulia', 'automatik', 9, 1, 174665, 4, 5, 139),
('2931', 'Hymer', 'B-Klasse ModernComfort', 'automatik', 10, 1, 12888, 3, 4, 5),
('2932', 'Knaus', 'Sky TI', 'manuell', 10, 3, 125937, 3, 4, 86),
('2933', 'Dethleffs', 'Trend T', 'manuell', 10, 3, 90425, 3, 4, 67),
('2934', 'Carado', 'T448', 'manuell', 10, 3, 48984, 3, 4, 63),
('2935', 'Weinsberg', 'CaraSuite', 'manuell', 10, 1, 24040, 3, 4, 127),
('2936', 'Porsche', '911', 'automatik', 11, 3, 167136, 2, 4, 111),
('2937', 'Ferrari', '488 GTB', 'automatik', 11, 2, 151175, 2, 2, 138),
('2938', 'Lamborghini', 'Huracán', 'automatik', 11, 3, 92923, 2, 2, 16),
('2939', 'McLaren', '570S', 'automatik', 11, 2, 84300, 2, 2, 17),
('2940', 'Chevrolet', 'Corvette', 'automatik', 11, 3, 55716, 2, 2, 51),
('2941', 'Audi', 'R8', 'automatik', 11, 3, 77255, 2, 2, 145),
('2942', 'Nissan', 'GT-R', 'automatik', 11, 1, 74807, 2, 4, 111),
('2943', 'BMW', 'M4', 'automatik', 11, 3, 38068, 2, 4, 47),
('2944', 'Mercedes-Benz', 'AMG GT', 'automatik', 11, 3, 171634, 2, 2, 67),
('2945', 'Jaguar', 'F-Type', 'automatik', 11, 3, 43326, 2, 2, 155),
('2946', 'VW', 'Up', 'manuell', 1, 2, 134382, 3, 4, 134),
('2947', 'Opel', 'Corsa', 'automatik', 1, 1, 48734, 5, 5, 123),
('2948', 'Renault', 'Twingo', 'manuell', 1, 1, 15756, 3, 4, 151),
('2949', 'Hyundai', 'i10', 'automatik', 1, 2, 13407, 5, 5, 110),
('2950', 'Peugeot', '208', 'manuell', 1, 3, 146892, 5, 5, 113),
('2951', 'Fiat', 'Panda', 'manuell', 1, 1, 62109, 5, 4, 60),
('2952', 'Toyota', 'Aygo', 'automatik', 1, 1, 73122, 5, 4, 85),
('2953', 'Kia', 'Picanto', 'manuell', 1, 2, 70476, 5, 5, 60),
('2954', 'Seat', 'Mii', 'manuell', 1, 3, 100261, 3, 4, 24),
('2955', 'Citroën', 'C1', 'automatik', 1, 2, 147618, 3, 4, 72),
('2956', 'Ford', 'Ka+', 'manuell', 1, 2, 64999, 5, 5, 34),
('2957', 'Chevrolet', 'Spark', 'manuell', 1, 3, 72660, 5, 4, 130),
('2958', 'Skoda', 'Citigo', 'manuell', 1, 1, 19950, 3, 4, 49),
('2959', 'Mitsubishi', 'Space Star', 'automatik', 1, 3, 19881, 5, 5, 2),
('2960', 'Suzuki', 'Celerio', 'manuell', 1, 2, 74540, 5, 5, 6),
('2961', 'Dacia', 'Sandero', 'manuell', 1, 3, 157894, 5, 5, 15),
('2962', 'Nissan', 'Micra', 'automatik', 1, 2, 126736, 5, 5, 43),
('2963', 'Mazda', '2', 'manuell', 1, 1, 30048, 5, 5, 92),
('2964', 'Honda', 'Jazz', 'automatik', 1, 1, 135767, 5, 5, 60),
('2965', 'Smart', 'Forfour', 'manuell', 1, 1, 23492, 4, 4, 137),
('2966', 'VW', 'Passat Variant', 'automatik', 2, 2, 13975, 5, 5, 30),
('2967', 'Ford', 'Focus Turnier', 'manuell', 2, 1, 82997, 5, 5, 70),
('2968', 'Opel', 'Astra Sports Tourer', 'automatik', 2, 2, 116659, 5, 5, 1),
('2969', 'Skoda', 'Octavia Combi', 'automatik', 2, 1, 114445, 5, 5, 54),
('2970', 'BMW', '3er Touring', 'automatik', 2, 1, 54102, 5, 5, 134),
('2971', 'Mercedes-Benz', 'C-Klasse T-Modell', 'automatik', 2, 3, 81222, 5, 5, 85),
('2972', 'Audi', 'A4 Avant', 'automatik', 2, 1, 153776, 5, 5, 139),
('2973', 'Peugeot', '308 SW', 'manuell', 2, 1, 62936, 5, 5, 16),
('2974', 'Hyundai', 'i30 Kombi', 'manuell', 2, 2, 152500, 5, 5, 125),
('2975', 'Kia', 'Ceed SW', 'automatik', 2, 2, 33909, 5, 5, 81),
('2976', 'Renault', 'Mégane Grandtour', 'manuell', 2, 2, 116200, 5, 5, 8),
('2977', 'Mazda', '6 Kombi', 'automatik', 2, 3, 130206, 5, 5, 13),
('2978', 'Volvo', 'V60', 'automatik', 2, 2, 11115, 5, 5, 82),
('2979', 'Toyota', 'Corolla Touring Sports', 'automatik', 2, 2, 66886, 5, 5, 92),
('2980', 'Honda', 'Civic Tourer', 'manuell', 2, 1, 113144, 5, 5, 16),
('2981', 'Dacia', 'Logan MCV', 'manuell', 2, 3, 16453, 5, 5, 68),
('2982', 'Fiat', 'Tipo Kombi', 'automatik', 2, 3, 118245, 5, 5, 77),
('2983', 'Subaru', 'Levorg', 'automatik', 2, 3, 102950, 5, 5, 106),
('2984', 'Seat', 'Leon ST', 'automatik', 2, 1, 45467, 5, 5, 148),
('2985', 'Chevrolet', 'Cruze Station Wagon', 'manuell', 2, 1, 119963, 5, 5, 166),
('2986', 'VW', 'Touran', 'automatik', 3, 3, 64158, 5, 7, 133),
('2987', 'Ford', 'S-Max', 'automatik', 3, 3, 169672, 5, 7, 30),
('2988', 'Opel', 'Zafira', 'manuell', 3, 2, 66748, 5, 7, 49),
('2989', 'Renault', 'Espace', 'automatik', 3, 1, 42360, 5, 7, 38),
('2990', 'Citroën', 'Grand C4 SpaceTourer', 'automatik', 3, 3, 172028, 5, 7, 33),
('2991', 'Mercedes-Benz', 'Sprinter', 'manuell', 4, 1, 33684, 4, 9, 99),
('2992', 'Ford', 'Transit', 'manuell', 4, 1, 120480, 4, 9, 82),
('2993', 'VW', 'Crafter', 'automatik', 4, 3, 135881, 4, 9, 133),
('2994', 'Peugeot', 'Boxer', 'manuell', 4, 3, 115465, 4, 9, 57),
('2995', 'Renault', 'Master', 'automatik', 4, 3, 40908, 4, 9, 55),
('2996', 'VW', 'Tiguan', 'automatik', 5, 3, 60300, 5, 5, 50),
('2997', 'BMW', 'X1', 'automatik', 5, 3, 93363, 5, 5, 104),
('2998', 'Audi', 'Q3', 'automatik', 5, 2, 63919, 5, 5, 8),
('2999', 'Mercedes-Benz', 'GLA', 'automatik', 5, 1, 107371, 5, 5, 151),
('3000', 'Hyundai', 'Tucson', 'automatik', 5, 1, 33139, 5, 5, 90),
('3001', 'Kia', 'Sportage', 'automatik', 5, 3, 29270, 5, 5, 52),
('3002', 'Ford', 'Kuga', 'automatik', 5, 1, 121080, 5, 5, 148),
('3003', 'Opel', 'Grandland', 'automatik', 5, 2, 60768, 5, 5, 81),
('3004', 'Renault', 'Kadjar', 'automatik', 5, 3, 89919, 5, 5, 108),
('3005', 'Peugeot', '3008', 'automatik', 5, 3, 77136, 5, 5, 131),
('3006', 'Dacia', 'Duster', 'manuell', 5, 2, 82919, 5, 5, 135),
('3007', 'Mazda', 'CX-5', 'automatik', 5, 2, 123389, 5, 5, 1),
('3008', 'Toyota', 'RAV4', 'automatik', 5, 2, 156003, 5, 5, 130),
('3009', 'Honda', 'CR-V', 'automatik', 5, 3, 122802, 5, 5, 63),
('3010', 'Skoda', 'Karoq', 'automatik', 5, 2, 24619, 5, 5, 105),
('3011', 'Seat', 'Ateca', 'automatik', 5, 2, 30014, 5, 5, 156),
('3012', 'Nissan', 'Qashqai', 'automatik', 5, 1, 88734, 5, 5, 115),
('3013', 'Subaru', 'Forester', 'automatik', 5, 2, 106308, 5, 5, 131),
('3014', 'Volvo', 'XC40', 'automatik', 5, 2, 169215, 5, 5, 83),
('3015', 'Chevrolet', 'Captiva', 'manuell', 5, 1, 123094, 5, 5, 48),
('3016', 'Ford', 'Ranger', 'manuell', 6, 2, 53084, 4, 5, 76),
('3017', 'Toyota', 'Hilux', 'automatik', 6, 2, 141193, 4, 5, 15),
('3018', 'Nissan', 'Navara', 'manuell', 6, 3, 67529, 4, 5, 17),
('3019', 'Mitsubishi', 'L200', 'manuell', 6, 1, 150720, 4, 5, 1),
('3020', 'Isuzu', 'D-Max', 'manuell', 6, 1, 81107, 4, 5, 5),
('3021', 'Volkswagen', 'Amarok', 'automatik', 6, 1, 92848, 4, 5, 56),
('3022', 'Chevrolet', 'Colorado', 'automatik', 6, 1, 158751, 4, 5, 101),
('3023', 'Mazda', 'BT-50', 'manuell', 6, 2, 28825, 4, 5, 99),
('3024', 'Jeep', 'Gladiator', 'automatik', 6, 2, 161198, 4, 5, 41),
('3025', 'Ram', '1500', 'automatik', 6, 1, 169256, 4, 5, 111),
('3026', 'BMW', '2er Cabrio', 'automatik', 7, 3, 80009, 2, 4, 124),
('3027', 'Audi', 'A3 Cabriolet', 'automatik', 7, 2, 31091, 2, 4, 150),
('3028', 'Mercedes-Benz', 'C-Klasse Cabrio', 'automatik', 7, 3, 171426, 2, 4, 103),
('3029', 'VW', 'T-Roc Cabrio', 'automatik', 7, 2, 159554, 2, 4, 110),
('3030', 'Mini', 'Cabrio', 'manuell', 7, 2, 157552, 2, 4, 162),
('3031', 'Mazda', 'MX-5', 'manuell', 7, 3, 173445, 2, 2, 108),
('3032', 'Fiat', '124 Spider', 'manuell', 7, 1, 171105, 2, 2, 86),
('3033', 'Ford', 'Mustang Cabrio', 'automatik', 7, 3, 89322, 2, 4, 22),
('3034', 'Opel', 'Cascada', 'automatik', 7, 3, 171703, 2, 4, 18),
('3035', 'Peugeot', '308 CC', 'manuell', 7, 1, 86700, 2, 4, 56),
('3036', 'Renault', 'Mégane CC', 'manuell', 7, 2, 29803, 2, 4, 97),
('3037', 'Volkswagen', 'Eos', 'automatik', 7, 2, 25060, 2, 4, 29),
('3038', 'Saab', '9-3 Cabrio', 'automatik', 7, 1, 46252, 2, 4, 150),
('3039', 'Chevrolet', 'Camaro Cabrio', 'automatik', 7, 3, 99055, 2, 4, 73),
('3040', 'Chrysler', 'Sebring Cabrio', 'automatik', 7, 2, 29708, 2, 4, 157),
('3041', 'Citroën', 'C3 Pluriel', 'manuell', 7, 1, 89122, 2, 4, 87),
('3042', 'Smart', 'Fortwo Cabrio', 'automatik', 7, 3, 112005, 2, 2, 59),
('3043', 'BMW', 'Z4 Cabrio', 'automatik', 7, 2, 33130, 2, 2, 1),
('3044', 'Audi', 'TT Roadster', 'automatik', 7, 2, 85297, 2, 2, 120),
('3045', 'Mercedes-Benz', 'SLK', 'automatik', 7, 2, 94402, 2, 2, 163),
('3046', 'Mazda', 'MX-5 RF', 'manuell', 8, 3, 138060, 2, 2, 53),
('3047', 'BMW', 'Z4', 'automatik', 8, 2, 162898, 2, 2, 9),
('3048', 'Porsche', 'Boxster', 'automatik', 8, 1, 104832, 2, 2, 107),
('3049', 'Audi', 'TT Roadster', 'automatik', 8, 3, 130691, 2, 2, 122),
('3050', 'Mercedes-Benz', 'SLK', 'automatik', 8, 1, 150517, 2, 2, 93),
('3051', 'Fiat', '124 Spider', 'manuell', 8, 3, 23265, 2, 2, 41),
('3052', 'Honda', 'S2000', 'manuell', 8, 3, 37589, 2, 2, 36),
('3053', 'MG', 'TF', 'manuell', 8, 2, 61022, 2, 2, 110),
('3054', 'Toyota', 'MR2', 'manuell', 8, 3, 179170, 2, 2, 95),
('3055', 'Alfa Romeo', 'Spider', 'manuell', 8, 1, 112638, 2, 2, 94),
('3056', 'Lotus', 'Elise', 'manuell', 8, 1, 156419, 2, 2, 48),
('3057', 'Chevrolet', 'Corvette C5', 'automatik', 8, 1, 33927, 2, 2, 56),
('3058', 'Daihatsu', 'Copen', 'manuell', 8, 1, 72379, 2, 2, 113),
('3059', 'Opel', 'GT', 'manuell', 8, 2, 101383, 2, 2, 116),
('3060', 'Renault', 'Wind', 'manuell', 8, 1, 91078, 2, 2, 60),
('3061', 'Tesla', 'Roadster', 'automatik', 8, 1, 10372, 2, 2, 43),
('3062', 'Peugeot', '207 CC', 'manuell', 8, 1, 147954, 2, 2, 146),
('3063', 'Volkswagen', 'Karmann Ghia', 'manuell', 8, 3, 153465, 2, 2, 67),
('3064', 'Chrysler', 'Crossfire', 'automatik', 8, 3, 134483, 2, 2, 120),
('3065', 'Mini', 'Roadster', 'manuell', 8, 3, 153921, 2, 2, 154),
('3066', 'BMW', '5er', 'automatik', 9, 1, 36632, 4, 5, 51),
('3067', 'Mercedes-Benz', 'E-Klasse', 'automatik', 9, 1, 130731, 4, 5, 7),
('3068', 'Audi', 'A6', 'automatik', 9, 1, 176086, 4, 5, 148),
('3069', 'Skoda', 'Superb', 'automatik', 9, 1, 38474, 4, 5, 137),
('3070', 'Volkswagen', 'Arteon', 'automatik', 9, 2, 25599, 4, 5, 101),
('3071', 'Ford', 'Mondeo', 'manuell', 9, 2, 160297, 4, 5, 95),
('3072', 'Hyundai', 'i40', 'automatik', 9, 2, 116536, 4, 5, 66),
('3073', 'Kia', 'Optima', 'automatik', 9, 1, 134212, 4, 5, 58),
('3074', 'Toyota', 'Camry', 'automatik', 9, 1, 59833, 4, 5, 97),
('3075', 'Mazda', '6', 'automatik', 9, 1, 100616, 4, 5, 131),
('3076', 'Renault', 'Talisman', 'automatik', 9, 3, 78888, 4, 5, 150),
('3077', 'Peugeot', '508', 'automatik', 9, 2, 15906, 4, 5, 10),
('3078', 'Volvo', 'S90', 'automatik', 9, 2, 53029, 4, 5, 23),
('3079', 'Opel', 'Insignia', 'automatik', 9, 1, 114253, 4, 5, 24),
('3080', 'Honda', 'Accord', 'automatik', 9, 3, 23627, 4, 5, 26),
('3081', 'Subaru', 'Legacy', 'manuell', 9, 3, 114867, 4, 5, 143),
('3082', 'Chevrolet', 'Malibu', 'automatik', 9, 3, 139176, 4, 5, 82),
('3083', 'Citroën', 'C5', 'automatik', 9, 1, 124080, 4, 5, 57),
('3084', 'Dacia', 'Logan', 'manuell', 9, 2, 71889, 4, 5, 135),
('3085', 'Alfa Romeo', 'Giulia', 'automatik', 9, 3, 177933, 4, 5, 30),
('3086', 'Hymer', 'B-Klasse ModernComfort', 'automatik', 10, 2, 96817, 3, 4, 150),
('3087', 'Knaus', 'Sky TI', 'manuell', 10, 2, 169124, 3, 4, 36),
('3088', 'Dethleffs', 'Trend T', 'manuell', 10, 2, 163068, 3, 4, 20),
('3089', 'Carado', 'T448', 'manuell', 10, 2, 104769, 3, 4, 165),
('3090', 'Weinsberg', 'CaraSuite', 'manuell', 10, 1, 105847, 3, 4, 85),
('3091', 'Porsche', '911', 'automatik', 11, 3, 24088, 2, 4, 65),
('3092', 'Ferrari', '488 GTB', 'automatik', 11, 1, 98558, 2, 2, 13),
('3093', 'Lamborghini', 'Huracán', 'automatik', 11, 3, 59086, 2, 2, 24),
('3094', 'McLaren', '570S', 'automatik', 11, 1, 144467, 2, 2, 15),
('3095', 'Chevrolet', 'Corvette', 'automatik', 11, 1, 20330, 2, 2, 73),
('3096', 'Audi', 'R8', 'automatik', 11, 3, 151421, 2, 2, 133),
('3097', 'Nissan', 'GT-R', 'automatik', 11, 2, 31831, 2, 4, 4),
('3098', 'BMW', 'M4', 'automatik', 11, 1, 38639, 2, 4, 55),
('3099', 'Mercedes-Benz', 'AMG GT', 'automatik', 11, 3, 91796, 2, 2, 80),
('3100', 'Jaguar', 'F-Type', 'automatik', 11, 1, 76951, 2, 2, 21);

-- --------------------------------------------------------

--
-- Tabellenstruktur für Tabelle `kfztypen`
--

CREATE TABLE `kfztypen` (
  `kfzTypID` int(11) NOT NULL,
  `typBezeichnung` varchar(45) NOT NULL,
  `tarifID` int(11) NOT NULL
) ENGINE=InnoDB DEFAULT CHARSET=utf8mb4;

--
-- Daten für Tabelle `kfztypen`
--

INSERT INTO `kfztypen` (`kfzTypID`, `typBezeichnung`, `tarifID`) VALUES
(1, 'Kleinwagen', 1),
(2, 'Kombi', 2),
(3, 'Van', 3),
(4, 'Bus', 4),
(5, 'SUV', 5),
(6, 'Pickup', 6),
(7, 'Cabrio', 8),
(8, 'Roadster', 9),
(9, 'Limousine', 10),
(10, 'Wohnmobil', 11),
(11, 'Sportwagen', 12);

--
-- Tabellenstruktur für Tabelle `kfztypen`
--

CREATE TABLE `kfzPreisKategorie` (
  `kfzPreisKategorieID` int(11) NOT NULL,
  `kategorieBezeichnung` varchar(45) NOT NULL,
  `zuschlag` int(11) NOT NULL
) ENGINE=InnoDB DEFAULT CHARSET=utf8mb4;

--
-- Daten für Tabelle `kfzPreisKategorie`
--

INSERT INTO `kfzPreisKategorie` (`kfzPreisKategorieID`, `kategorieBezeichnung`, `zuschlag`) VALUES
(1, 'niedrigpreis', 1),
(2, 'mittelpreis', 1.5),
(3, 'hochpreis', 2);

-- --------------------------------------------------------

--
-- Tabellenstruktur für Tabelle `kunden`
--

CREATE TABLE `kunden` (
  `kundeID` int(11) NOT NULL,
  `unternehmen` varchar(45) DEFAULT NULL,
  `vorname` varchar(45) DEFAULT NULL,
  `nachname` varchar(45) DEFAULT NULL,
  `password` varchar(100) DEFAULT NULL,
  `strasse` varchar(45) DEFAULT NULL,
  `hausNr` varchar(4) DEFAULT NULL,
  `plz` int(11) DEFAULT NULL,
  `ort` varchar(45) DEFAULT NULL,
  `land` varchar(45) DEFAULT NULL,
  `telefonNr` varchar(45) DEFAULT NULL,
  `emailAdresse` varchar(45) DEFAULT NULL,
  `geschaeftlich` boolean DEFAULT false,
  `sammelrechnung` enum('keine','monatlich','quartalsweise','halbjaehrlich','jaehrlich') CHARACTER SET utf8 COLLATE utf8_general_mysql500_ci DEFAULT 'keine'
) ENGINE=InnoDB DEFAULT CHARSET=utf8mb4;

--
-- Daten für Tabelle `kunden`
--
INSERT INTO `kunden` (`kundeID`, `unternehmen`, `vorname`, `nachname`, `password`, `strasse`, `hausNr`, `plz`, `ort`, `land`, `telefonNr`, `emailAdresse`, `geschaeftlich`, `sammelrechnung`) VALUES
(1, NULL, 'Max', 'Mustermann', 'pass123', 'Musterstraße', '12', 10115, 'Berlin', 'Deutschland', '0301234567', 'max.mustermann@email.de', false, 'keine'),
(2, 'Tech Solutions GmbH', 'Anna', 'Schmidt', 'securepw', 'Hauptstraße', '34', 20095, 'Hamburg', 'Deutschland', '0402345678', 'anna.schmidt@tech.de', true, 'monatlich'),
(3, NULL, 'Thomas', 'Müller', 'thomas123', 'Schulweg', '5', 80331, 'München', 'Deutschland', '0893456789', 'thomas.mueller@email.de', false, 'keine'),
(4, 'AutoPartner AG', 'Sabine', 'Meier', 'sabine!', 'Bahnhofstraße', '67', 50667, 'Köln', 'Deutschland', '02214567890', 'sabine.meier@autopartner.de', true, 'quartalsweise'),
(5, NULL, 'Julia', 'Fischer', 'julia2024', 'Lindenallee', '89', 60313, 'Frankfurt', 'Deutschland', '0695678901', 'julia.fischer@email.de', false, 'keine'),
(6, 'Logistik Express', 'Daniel', 'Weber', 'danielweber', 'Goethestraße', '23', 70173, 'Stuttgart', 'Deutschland', '0711789012', 'daniel.weber@logistik.de', true, 'quartalweise'),
(7, NULL, 'Laura', 'Becker', 'laura123', 'Parkstraße', '45', 40213, 'Düsseldorf', 'Deutschland', '0211890123', 'laura.becker@email.de', false, 'keine'),
(8, 'BauProjekt GmbH', 'Markus', 'Hoffmann', 'markush', 'Friedrichstraße', '56', 04109, 'Leipzig', 'Deutschland', '0341901234', 'markus.hoffmann@bauprojekt.de', true, 'monatlich'),
(9, NULL, 'Sarah', 'Schulz', 'sarahs', 'Kaiserstraße', '78', 55116, 'Mainz', 'Deutschland', '0613012345', 'sarah.schulz@email.de', false, 'keine'),
(10, 'IT-Systemhaus', 'Felix', 'Richter', 'felixit', 'Dorfplatz', '90', 01067, 'Dresden', 'Deutschland', '0351123456', 'felix.richter@itsystem.de', true, 'jaehrlich'),
(11, NULL, 'Nicole', 'Klein', 'nicolek', 'Am Berg', '12', 30159, 'Hannover', 'Deutschland', '0511234567', 'nicole.klein@email.de', false, 'keine'),
(12, 'EventPlanung GmbH', 'Stefan', 'Wolf', 'stefanw', 'Wiesenweg', '34', 99084, 'Erfurt', 'Deutschland', '0361567890', 'stefan.wolf@event.de', true, 'monatlich'),
(13, NULL, 'Petra', 'König', 'petrak', 'Rosenstraße', '56', 66111, 'Saarbrücken', 'Deutschland', '0681678901', 'petra.koenig@email.de', false, 'keine'),
(14, 'MedTech Solutions', 'Andreas', 'Schröder', 'andreasmed', 'Ahornweg', '78', 18055, 'Rostock', 'Deutschland', '0381789012', 'andreas.schroeder@medtech.de', true, 'halbjaehrlich'),
(15, NULL, 'Monika', 'Brandt', 'monikab', 'Eichenallee', '90', 97070, 'Würzburg', 'Deutschland', '0931890123', 'monika.brandt@email.de', false, 'keine'),
(16, 'Consulting Plus', 'Oliver', 'Werner', 'oliverc', 'Buchenweg', '12', 52070, 'Aachen', 'Deutschland', '0241901234', 'oliver.werner@consulting.de', true, 'quartalsweise'),
(17, NULL, 'Claudia', 'Lange', 'claudial', 'Fichtenstraße', '34', 86150, 'Augsburg', 'Deutschland', '0821012345', 'claudia.lange@email.de', false, 'keine'),
(18, 'TransportLog AG', 'Jan', 'Krause', 'jank', 'Tannenweg', '56', 90402, 'Nürnberg', 'Deutschland', '0911123456', 'jan.krause@transport.de', true, 'monatlich'),
(19, NULL, 'Birgit', 'Huber', 'birgith', 'Kiefernstraße', '78', 22041, 'Hamburg', 'Deutschland', '0401234567', 'birgit.huber@email.de', false, 'keine'),
(20, 'FinanzService GmbH', 'Tim', 'Vogel', 'timf', 'Ulmenallee', '90', 48143, 'Münster', 'Deutschland', '0251234567', 'tim.vogel@finanz.de', true, 'jaehrlich'),
(21, NULL, 'Tanja', 'Frank', 'tanjaf', 'Akazienweg', '12', 39104, 'Magdeburg', 'Deutschland', '0391345678', 'tanja.frank@email.de', false, 'keine'),
(22, 'BauDesign AG', 'Martin', 'Roth', 'martinb', 'Lerchenweg', '34', 40210, 'Düsseldorf', 'Deutschland', '0211456789', 'martin.roth@bau.de', true, 'monatlich'),
(23, NULL, 'Sandra', 'Bauer', 'sandrab', 'Amselstraße', '56', 45127, 'Essen', 'Deutschland', '0201567890', 'sandra.bauer@email.de', false, 'keine'),
(24, 'IT-Consulting', 'Philipp', 'Zimmermann', 'philippit', 'Drosselweg', '78', 64283, 'Darmstadt', 'Deutschland', '0615678901', 'philipp.zimmermann@itconsult.de', true, 'quartalsweise'),
(25, NULL, 'Christine', 'Schmitt', 'christines', 'Finkenstraße', '90', 70176, 'Stuttgart', 'Deutschland', '0711789012', 'christine.schmitt@email.de', false, 'keine');
-- --------------------------------------------------------

--
-- Tabellenstruktur für Tabelle `mietstationen`
--

CREATE TABLE `mietstationen` (
  `mietstationID` int(11) NOT NULL,
  `strasse` varchar(45) DEFAULT NULL,
  `hausNr` varchar(4) DEFAULT NULL,
  `plz` int(11) DEFAULT NULL,
  `ort` varchar(45) DEFAULT NULL,
  `land` varchar(45) DEFAULT NULL
) ENGINE=InnoDB DEFAULT CHARSET=utf8mb4;

--
-- Daten für Tabelle `mietstationen`
--

INSERT INTO `mietstationen` (`mietstationID`, `strasse`, `hausNr`, `plz`, `ort`, `land`) VALUES
(1, 'Ruwerstraße', '7a', 41464, 'Neuss', 'Deutschland'),
(2, 'Hohe-Schaar-Kamp', '7', 21107, 'Hamburg', 'Deutschland'),
(3, 'Neuenlander Straße', '41/43', 28199, 'Bremen', 'Deutschland'),
(4, 'Forststraße', '30', 47055, 'Duisburg', 'Deutschland'),
(5, 'Am Coloneum', '1', 50829, 'Köln', 'Deutschland'),
(6, 'Ernst-Abbe-Straße', '30', 89079, 'Ulm-Donautal', 'Deutschland'),
(7, 'Ingolstädter Str.', '172-180 / Haus 9', 80939, 'München', 'Deutschland'),
(8, 'Zeschwitzer Str.', '1', 04442, 'Zwenkau', 'Deutschland'),
(9, 'Stemwarder Landstr.', '15', 22885, 'Barsbüttel', 'Deutschland'),
(10, 'Andernacher Straße', '176', 56070, 'Koblenz', 'Deutschland'),
(11, 'Dießemer Bruch', '64', 47805, 'Krefeld', 'Deutschland'),
(12, 'Heinrich-Lanz-Allee', '33', 60437, 'Frankfurt am Main', 'Deutschland'),
(13, 'Am Golfpl.', '2', 14979, 'Großbeeren', 'Deutschland'),
(14, 'Altenburger Str.', '9', 33699, 'Bielefeld', 'Deutschland'),
(15, 'Ginnheimer Landstraße', '133', 60431, 'Frankfurt am Main', 'Deutschland'),
(16, 'Friedrichstraße', '1', 37073, 'Göttingen', 'Deutschland'),
(17, 'Rosenstraße', '13', 97688, 'Bad Kissingen', 'Deutschland'),
(18, 'Otto-Wallach-Straße', '16', 65203, 'Wiesbaden', 'Deutschland'),
(19, 'Hauptstraße', '9a', 18609, 'Ostseebad Binz', 'Deutschland'),
(20, 'Kirchenweg', '13', 25980, 'Sylt', 'Deutschland'),
(21, 'Kirchenweg', '7a', 25980, 'Sylt', 'Deutschland'),
(22, 'Kirchenweg', '6', 25980, 'Sylt', 'Deutschland'),
(23, 'Industrieweg', '20', 25980, 'Sylt', 'Deutschland'),
(24, 'Stephansweg', '3', 25826, 'St. Peter-Ording', 'Deutschland'),
(25, 'Badestraße', '6', 25938, 'Wyk auf Föhr', 'Deutschland'),
(26, 'Neukamp', '5', 57368, 'Lennestadt', 'Deutschland'),
(27, 'Bismarckstraße', '14', 36179, 'Bebra', 'Deutschland'),
(28, 'Waldstraße', '13', 04105, 'Leipzig', 'Deutschland'),
(29, 'Rietgasse', '2', 78050, 'Villingen-Schwenningen', 'Deutschland'),
(30, 'Weissacherstr.', '95', 71522, 'Backnang', 'Deutschland'),
(31, 'Bühlfelderweg', '12', 94239, 'Ruhmannsfelden', 'Deutschland'),
(32, 'Claus-Ferck-Straße', '39', 22359, 'Hamburg-Volksdorf', 'Deutschland'),
(33, 'Rahlstedter Strasse', '215', 22143, 'Hamburg', 'Deutschland'),
(34, 'Burgbergstraße', '147', 38228, 'Salzgitter', 'Deutschland'),
(35, 'Rüdellstrasse', '1', 50737, 'Köln', 'Deutschland'),
(36, 'Olof Palme Str.', '1a', 51371, 'Leverkusen', 'Deutschland'),
(37, 'Freiheit', '28', 46348, 'Raesfeld', 'Deutschland'),
(38, 'Im Dorfe', '15', 99438, 'Hetschburg', 'Deutschland'),
(39, 'Schillerstrasse', '45', 27472, 'Cuxhaven', 'Deutschland'),
(40, 'Postwai', '1', 25946, 'Nebel auf Amrum', 'Deutschland'),
(41, 'Stephansweg', '3', 25826, 'St. Peter-Ording', 'Deutschland'),
(42, 'Badestraße', '6', 25938, 'Wyk auf Föhr', 'Deutschland'),
(43, 'Neukamp', '5', 57368, 'Lennestadt', 'Deutschland'),
(44, 'Bismarckstraße', '14', 36179, 'Bebra', 'Deutschland'),
(45, 'Waldstraße', '13', 04105, 'Leipzig', 'Deutschland'),
(46, 'Rietgasse', '2', 78050, 'Villingen-Schwenningen', 'Deutschland'),
(47, 'Weissacherstr.', '95', 71522, 'Backnang', 'Deutschland'),
(48, 'Bühlfelderweg', '12', 94239, 'Ruhmannsfelden', 'Deutschland'),
(49, 'Claus-Ferck-Straße', '39', 22359, 'Hamburg-Volksdorf', 'Deutschland'),
(50, 'Rahlstedter Strasse', '215', 22143, 'Hamburg', 'Deutschland'),
(51, 'Burgbergstraße', '147', 38228, 'Salzgitter', 'Deutschland'),
(52, 'Rüdellstrasse', '1', 50737, 'Köln', 'Deutschland'),
(53, 'Olof Palme Str.', '1a', 51371, 'Leverkusen', 'Deutschland'),
(54, 'Freiheit', '28', 46348, 'Raesfeld', 'Deutschland'),
(55, 'Im Dorfe', '15', 99438, 'Hetschburg', 'Deutschland'),
(56, 'Schillerstrasse', '45', 27472, 'Cuxhaven', 'Deutschland'),
(57, 'Postwai', '1', 25946, 'Nebel auf Amrum', 'Deutschland'),
(58, 'Stephansweg', '3', 25826, 'St. Peter-Ording', 'Deutschland'),
(59, 'Badestraße', '6', 25938, 'Wyk auf Föhr', 'Deutschland'),
(60, 'Neukamp', '5', 57368, 'Lennestadt', 'Deutschland'),
(61, 'Bismarckstraße', '14', 36179, 'Bebra', 'Deutschland'),
(62, 'Waldstraße', '13', 04105, 'Leipzig', 'Deutschland'),
(63, 'Rietgasse', '2', 78050, 'Villingen-Schwenningen', 'Deutschland'),
(64, 'Weissacherstr.', '95', 71522, 'Backnang', 'Deutschland'),
(65, 'Bühlfelderweg', '12', 94239, 'Ruhmannsfelden', 'Deutschland'),
(66, 'Claus-Ferck-Straße', '39', 22359, 'Hamburg-Volksdorf', 'Deutschland'),
(67, 'Rahlstedter Strasse', '215', 22143, 'Hamburg', 'Deutschland'),
(68, 'Burgbergstraße', '147', 38228, 'Salzgitter', 'Deutschland'),
(69, 'Rüdellstrasse', '1', 50737, 'Köln', 'Deutschland'),
(70, 'Olof Palme Str.', '1a', 51371, 'Leverkusen', 'Deutschland'),
(71, 'Freiheit', '28', 46348, 'Raesfeld', 'Deutschland'),
(72, 'Im Dorfe', '15', 99438, 'Hetschburg', 'Deutschland'),
(73, 'Berliner Straße', '45', 13088, 'Berlin', 'Deutschland'),
(74, 'Elsenstraße', '14', 12459, 'Berlin', 'Deutschland'),
(75, 'Königsallee', '12', 40212, 'Düsseldorf', 'Deutschland'),
(76, 'Prinzregentenstraße', '15', 81675, 'München', 'Deutschland'),
(77, 'Hansastraße', '27', 80686, 'München', 'Deutschland'),
(78, 'Karl-Liebknecht-Straße', '45', 04107, 'Leipzig', 'Deutschland'),
(79, 'Schillerstraße', '10', 80336, 'München', 'Deutschland'),
(80, 'Bahnhofstraße', '7', 78462, 'Konstanz', 'Deutschland'),
(81, 'Friedrichstraße', '128', 10117, 'Berlin', 'Deutschland'),
(82, 'Breite Straße', '11', 39104, 'Magdeburg', 'Deutschland'),
(83, 'Gartenstraße', '25', 69115, 'Heidelberg', 'Deutschland'),
(84, 'Rheinuferstraße', '35', 50667, 'Köln', 'Deutschland'),
(85, 'Theaterplatz', '5', 01067, 'Dresden', 'Deutschland'),
(86, 'Friedrich-Ebert-Straße', '24', 34117, 'Kassel', 'Deutschland'),
(87, 'Mozartstraße', '8', 04109, 'Leipzig', 'Deutschland'),
(88, 'Hauptstraße', '88', 69117, 'Heidelberg', 'Deutschland'),
(89, 'Poststraße', '3', 48143, 'Münster', 'Deutschland'),
(90, 'Marktplatz', '6', 80331, 'München', 'Deutschland'),
(91, 'Bismarckstraße', '50', 12101, 'Berlin', 'Deutschland'),
(92, 'Lindenstraße', '21', 37073, 'Göttingen', 'Deutschland'),
(93, 'Goethestraße', '14', 65185, 'Wiesbaden', 'Deutschland'),
(94, 'Alte Heerstraße', '90', 81249, 'München', 'Deutschland'),
(95, 'Schlossstraße', '12', 12165, 'Berlin', 'Deutschland'),
(96, 'Am Stadtpark', '2', 46045, 'Oberhausen', 'Deutschland'),
(97, 'Waldstraße', '5', 70174, 'Stuttgart', 'Deutschland'),
(98, 'Bergstraße', '42', 90403, 'Nürnberg', 'Deutschland'),
(99, 'Marktstraße', '11', 44137, 'Dortmund', 'Deutschland'),
(100, 'Hauptmarkt', '8', 90403, 'Nürnberg', 'Deutschland'),
(101, 'Luisenstraße', '24', 40215, 'Düsseldorf', 'Deutschland'),
(102, 'Ringstraße', '34', 35578, 'Wetzlar', 'Deutschland'),
(103, 'Bahnhofplatz', '1', 80335, 'München', 'Deutschland'),
(104, 'Dorfstraße', '17', 14482, 'Potsdam', 'Deutschland'),
(105, 'Goethestraße', '22', 44787, 'Bochum', 'Deutschland'),
(106, 'Wilhelmstraße', '8', 65185, 'Wiesbaden', 'Deutschland'),
(107, 'Kastanienallee', '16', 10435, 'Berlin', 'Deutschland'),
(108, 'Am Markt', '3', 53111, 'Bonn', 'Deutschland'),
(109, 'Schönhauser Allee', '35', 10437, 'Berlin', 'Deutschland'),
(110, 'Rathausplatz', '4', 80331, 'München', 'Deutschland'),
(111, 'Kaiserstraße', '33', 76133, 'Karlsruhe', 'Deutschland'),
(112, 'Neumarkt', '7', 50667, 'Köln', 'Deutschland'),
(113, 'Schlossplatz', '1', 70173, 'Stuttgart', 'Deutschland'),
(114, 'Grabenstraße', '14', 80331, 'München', 'Deutschland'),
(115, 'Hauptstraße', '17', 30159, 'Hannover', 'Deutschland'),
(116, 'Albrechtstraße', '10', 10117, 'Berlin', 'Deutschland'),
(117, 'Wilhelm-Leuschner-Straße', '13', 60329, 'Frankfurt am Main', 'Deutschland'),
(118, 'Luisenplatz', '6', 68159, 'Mannheim', 'Deutschland'),
(119, 'Brückenstraße', '19', 37073, 'Göttingen', 'Deutschland'),
(120, 'Kantstraße', '33', 10623, 'Berlin', 'Deutschland'),
(121, 'Mozartplatz', '2', 80331, 'München', 'Deutschland'),
(122, 'Gartenweg', '8', 04103, 'Leipzig', 'Deutschland'),
(123, 'Parkstraße', '45', 30159, 'Hannover', 'Deutschland'),
(124, 'Bachstraße', '27', 22303, 'Hamburg', 'Deutschland'),
(125, 'Wiesenweg', '11', 52062, 'Aachen', 'Deutschland'),
(126, 'Friedrichstraße', '45', 10117, 'Berlin', 'Deutschland'),
(127, 'Burgstraße', '6', 39104, 'Magdeburg', 'Deutschland'),
(128, 'Alte Straße', '21', 10439, 'Berlin', 'Deutschland'),
(129, 'Königsstraße', '33', 40212, 'Düsseldorf', 'Deutschland'),
(130, 'Rosenweg', '17', 64285, 'Darmstadt', 'Deutschland'),
(131, 'Schulstraße', '9', 74072, 'Heilbronn', 'Deutschland'),
(132, 'Ringstraße', '12', 97070, 'Würzburg', 'Deutschland'),
(133, 'Karlstraße', '22', 80333, 'München', 'Deutschland'),
(134, 'Elisenstraße', '30', 40477, 'Düsseldorf', 'Deutschland'),
(135, 'Bachweg', '14', 48143, 'Münster', 'Deutschland'),
(136, 'Hauptstraße', '7', 76530, 'Baden-Baden', 'Deutschland'),
(137, 'Marktstraße', '10', 30159, 'Hannover', 'Deutschland'),
(138, 'Schulstraße', '5', 90402, 'Nürnberg', 'Deutschland'),
(139, 'Bahnhofstraße', '28', 04109, 'Leipzig', 'Deutschland'),
(140, 'Steinstraße', '3', 50667, 'Köln', 'Deutschland'),
(141, 'Bergweg', '15', 17489, 'Greifswald', 'Deutschland'),
(142, 'Hofstraße', '8', 63065, 'Offenbach am Main', 'Deutschland'),
(143, 'Lindenweg', '2', 76131, 'Karlsruhe', 'Deutschland'),
(144, 'Gartenstraße', '4', 24103, 'Kiel', 'Deutschland'),
(145, 'Schillerstraße', '13', 24103, 'Kiel', 'Deutschland'),
(146, 'Mühlenweg', '6', 32423, 'Minden', 'Deutschland'),
(147, 'Kirchstraße', '20', 39104, 'Magdeburg', 'Deutschland'),
(148, 'Parkplatz', '11', 48143, 'Münster', 'Deutschland'),
(149, 'Feldstraße', '9', 04105, 'Leipzig', 'Deutschland'),
(150, 'Am Bahnhof', '3', 15745, 'Wildau', 'Deutschland'),
(151, 'Schlossweg', '1', 71634, 'Ludwigsburg', 'Deutschland'),
(152, 'Bergstraße', '7', 67059, 'Ludwigshafen am Rhein', 'Deutschland'),
(153, 'Hauptstraße', '25', 94032, 'Passau', 'Deutschland'),
(154, 'Luisenstraße', '9', 99084, 'Erfurt', 'Deutschland'),
(155, 'Marktplatz', '12', 97070, 'Würzburg', 'Deutschland'),
(156, 'Schlossstraße', '4', 53721, 'Siegburg', 'Deutschland'),
(157, 'Goethestraße', '28', 63110, 'Rodgau', 'Deutschland'),
(158, 'Rathausstraße', '3', 80331, 'München', 'Deutschland'),
(159, 'Hauptstraße', '18', 61440, 'Oberursel', 'Deutschland'),
(160, 'Kaiserplatz', '7', 67346, 'Speyer', 'Deutschland'),
(161, 'Bahnhofstraße', '6', 38100, 'Braunschweig', 'Deutschland'),
(162, 'Lindenstraße', '19', 76133, 'Karlsruhe', 'Deutschland'),
(163, 'Kirchweg', '11', 30938, 'Burgwedel', 'Deutschland'),
(164, 'Schillerstraße', '7', 90402, 'Nürnberg', 'Deutschland'),
(165, 'Goetheplatz', '5', 60313, 'Frankfurt am Main', 'Deutschland'),
(166, 'Am Stadtpark', '22', 38100, 'Braunschweig', 'Deutschland');

-- --------------------------------------------------------

--
-- Tabellenstruktur für Tabelle `mietvertraege`
--

CREATE TABLE `mietvertraege` (
  `mietvertragID` int(11) NOT NULL,
  `mietdauerTage` int(11) NOT NULL,
  `mietgebuehr` double NOT NULL,
  `kfzID` int(11) NOT NULL,
  `reservierungID` int(11) NOT NULL,
  `datum` DATE DEFAULT NULL
) ENGINE=InnoDB DEFAULT CHARSET=utf8mb4;

--
-- Daten für Tabelle `mietvertraege`
--
INSERT INTO `mietvertraege` (`mietvertragID`, `mietdauerTage`, `mietgebuehr`, `kfzID`, `reservierungID`, `datum`) VALUES
(1, 5, 152.5, 1, 1, '2023-01-10'),
(2, 6, 186.0, 2, 2, '2023-01-12'),
(3, 5, 157.5, 3, 3, '2023-01-15'),
(4, 7, 224.0, 4, 4, '2023-01-18'),
(5, 7, 227.5, 5, 5, '2023-01-20'),
(6, 7, 231.0, 6, 6, '2023-01-22'),
(7, 7, 234.5, 7, 7, '2023-01-25'),
(8, 8, 272.0, 8, 8, '2023-01-28'),
(9, 7, 241.5, 9, 9, '2023-02-01'),
(10, 7, 245.0, 10, 10, '2023-02-05'),
(11, 7, 248.5, 11, 11, '2023-02-08'),
(12, 7, 252.0, 12, 12, '2023-02-10'),
(13, 7, 213.5, 13, 13, '2023-02-12'),
(14, 7, 217.0, 14, 14, '2023-02-15'),
(15, 7, 220.5, 15, 15, '2023-02-18'),
(16, 7, 224.0, 16, 16, '2023-02-20'),
(17, 7, 227.5, 17, 17, '2023-02-22'),
(18, 7, 231.0, 18, 18, '2023-02-25'),
(19, 7, 234.5, 19, 19, '2023-02-28'),
(20, 7, 238.0, 20, 20, '2023-03-01'),
(21, 7, 241.5, 21, 21, '2023-03-05'),
(22, 7, 245.0, 22, 22, '2023-03-08'),
(23, 7, 248.5, 23, 23, '2023-03-10'),
(24, 7, 252.0, 24, 24, '2023-03-12'),
(25, 7, 213.5, 25, 25, '2023-03-15'),
(26, 7, 217.0, 26, 26, '2023-03-18'),
(27, 7, 220.5, 27, 27, '2023-03-20'),
(28, 7, 224.0, 28, 28, '2023-03-22'),
(29, 7, 227.5, 29, 29, '2023-03-25'),
(30, 7, 231.0, 30, 30, '2023-03-28'),
(31, 7, 234.5, 31, 31, '2023-04-01'),
(32, 7, 238.0, 32, 32, '2023-04-05'),
(33, 7, 241.5, 33, 33, '2023-04-08'),
(34, 7, 245.0, 34, 34, '2023-04-10'),
(35, 7, 248.5, 35, 35, '2023-04-12'),
(36, 7, 252.0, 36, 36, '2023-04-15'),
(37, 7, 213.5, 37, 37, '2023-04-18'),
(38, 7, 217.0, 38, 38, '2023-04-20'),
(39, 7, 220.5, 39, 39, '2023-04-22'),
(40, 7, 224.0, 40, 40, '2023-04-25'),
(41, 7, 227.5, 41, 41, '2023-04-28'),
(42, 7, 231.0, 42, 42, '2023-05-01'),
(43, 7, 234.5, 43, 43, '2023-05-05'),
(44, 7, 238.0, 44, 44, '2023-05-08'),
(45, 7, 241.5, 45, 45, '2023-05-10'),
(46, 7, 245.0, 46, 46, '2023-05-12'),
(47, 7, 248.5, 47, 47, '2023-05-15'),
(48, 7, 252.0, 48, 48, '2023-05-18'),
(49, 7, 213.5, 49, 49, '2023-05-20'),
(50, 7, 217.0, 50, 50, '2023-05-22');
-- --------------------------------------------------------

--
-- Tabellenstruktur für Tabelle `mitarbeiter`
--

CREATE TABLE `mitarbeiter` (
  `mitarbeiterID` int(11) NOT NULL,
  `nachname` varchar(50) DEFAULT NULL,
  `vorname` varchar(45) NOT NULL,
  `password` varchar(100) DEFAULT NULL,
  `emailAdresse` varchar(50) DEFAULT NULL
) ENGINE=InnoDB DEFAULT CHARSET=utf8mb4;

--
-- Daten für Tabelle `mitarbeiter`
--

INSERT INTO `mitarbeiter` (`mitarbeiterID`, `nachname`, `vorname`, `password`, `emailAdresse`) VALUES
(1, 'Schneider', 'Lena', 'passwort123', 'lena.schneider@firma.de'),
(2, 'Müller', 'Thomas', 'musterpass', 'thomas.mueller@firma.de'),
(3, 'Meier', 'Sophie', 'sich3r3spw', 'sophie.meier@firma.de'),
(4, 'Fischer', 'Jonas', 'admin2024!', 'jonas.fischer@firma.de'),
(5, 'Weber', 'Laura', 'lauraW#1', 'laura.weber@firma.de'),
(6, 'Hofmann', 'Lukas', 'lukas_h@2024', 'lukas.hofmann@firma.de'),
(7, 'Klein', 'Marie', 'mari3_pw', 'marie.klein@firma.de'),
(8, 'Schulz', 'Paul', 'paul_s@pw', 'paul.schulz@firma.de'),
(9, 'Becker', 'Anna', 'ann@pass', 'anna.becker@firma.de'),
(10, 'Richter', 'Felix', 'felix_pw!', 'felix.richter@firma.de');

-- --------------------------------------------------------

--
-- Tabellenstruktur für Tabelle `rechnungen`
--

CREATE TABLE `rechnungen` (
  `rechnungNr` int(11) NOT NULL,
  `mietvertragID` int(11) NOT NULL,
  `kundeID` int(11) NOT NULL,
  `ruecknahmeprotokollID` int(11) DEFAULT NULL,
  `rechnungDatum` DATE DEFAULT NULL,
  `rechnungBetrag` double NOT NULL,
  `mahnstatus` enum('keine','erste Mahnung','zweite Mahnung','dritte Mahnung') NOT NULL,
  `zahlungslimit` date DEFAULT NULL,
  `bezahlt` boolean DEFAULT false
) ENGINE=InnoDB DEFAULT CHARSET=utf8mb4;

--
-- Daten für Tabelle `rechnungen`
--
INSERT INTO `rechnungen` (`rechnungNr`, `mietvertragID`, `kundeID`, `ruecknahmeprotokollID`, `rechnungDatum`, `rechnungBetrag`, `mahnstatus`, `zahlungslimit`, `bezahlt`) VALUES
(1, 1, 1, 1, '2023-01-16', 152.5, 'keine', '2025-06-10', false),
(2, 2, 2, 2, '2023-01-19', 186.0, 'keine', '2023-02-18', TRUE),
(3, 3, 3, 3, '2023-01-21', 157.5, 'keine', '2023-02-20', TRUE),
(4, 4, 4, 4, '2023-01-26', 224.0, 'keine', '2023-02-25', TRUE),
(5, 5, 5, 5, '2023-01-28', 227.5, 'keine', '2023-02-27', TRUE),
(6, 6, 6, 6, '2023-01-30', 231.0, 'keine', '2023-02-28', TRUE),
(7, 7, 7, 7, '2023-02-02', 234.5, 'keine', '2023-03-04', TRUE),
(8, 8, 8, 8, '2023-02-06', 272.0, 'keine', '2023-03-08', TRUE),
(9, 9, 9, 9, '2023-02-09', 241.5, 'keine', '2023-03-11', TRUE),
(10, 10, 10, 10, '2023-02-13', 245.0, 'keine', '2023-03-15', TRUE),
(11, 11, 11, 11, '2023-02-16', 248.5, 'keine', '2023-03-18', TRUE),
(12, 12, 12, 12, '2023-02-18', 252.0, 'keine', '2023-03-20', TRUE),
(13, 13, 13, 13, '2023-02-20', 213.5, 'keine', '2023-03-22', TRUE),
(14, 14, 14, 14, '2023-02-23', 217.0, 'keine', '2023-03-25', TRUE),
(15, 15, 15, 15, '2023-02-26', 220.5, 'keine', '2023-03-28', TRUE),
(16, 16, 16, 16, '2023-02-28', 224.0, 'keine', '2023-03-30', TRUE),
(17, 17, 17, 17, '2023-03-02', 227.5, 'keine', '2023-04-01', TRUE),
(18, 18, 18, 18, '2023-03-05', 231.0, 'keine', '2023-04-04', TRUE),
(19, 19, 19, 19, '2023-03-08', 234.5, 'keine', '2023-04-07', TRUE),
(20, 20, 20, 20, '2023-03-09', 238.0, 'keine', '2023-04-08', TRUE);
-- --------------------------------------------------------

--
-- Tabellenstruktur für Tabelle `reservierungen`
--

CREATE TABLE `reservierungen` (
  `reservierungID` int(11) NOT NULL,
  `kundeID` int(11) NOT NULL,
  `kfzID` int(11) NOT NULL,
  `abholstationID` int(11) NOT NULL,
  `abgabestationID` int(11) NOT NULL,
  `status` enum('bestätigt','aktiv','storniert','abgeschlossen') NOT NULL,
  `mietbeginn` DATE DEFAULT NULL,
  `mietende` DATE DEFAULT NULL,
  `zusaetze` varchar(255) DEFAULT NULL -- Versicherung, zweite Fahrer, etc.
) ENGINE=InnoDB DEFAULT CHARSET=utf8mb4;

--
-- Daten für Tabelle `reservierungen`
--
INSERT INTO `reservierungen` (`reservierungID`, `kundeID`, `kfzID`, `abholstationID`, `abgabestationID`, `status`, `mietbeginn`, `mietende`, `zusaetze`) VALUES
(1, 1, 1, 1, 1, 'abgeschlossen', '2023-01-10', '2023-01-15', NULL),
(2, 2, 2, 2, 2, 'abgeschlossen', '2023-01-12', '2023-01-18', NULL),
(3, 3, 3, 3, 3, 'abgeschlossen', '2023-01-15', '2023-01-20', NULL),
(4, 4, 4, 4, 4, 'abgeschlossen', '2023-01-18', '2023-01-25', NULL),
(5, 5, 5, 5, 5, 'abgeschlossen', '2023-01-20', '2023-01-27', NULL),
(6, 6, 6, 6, 6, 'abgeschlossen', '2023-01-22', '2023-01-29', NULL),
(7, 7, 7, 7, 7, 'abgeschlossen', '2023-01-25', '2023-02-01', NULL),
(8, 8, 8, 8, 8, 'abgeschlossen', '2023-01-28', '2023-02-05', NULL),
(9, 9, 9, 9, 9, 'abgeschlossen', '2023-02-01', '2023-02-08', NULL),
(10, 10, 10, 10, 10, 'abgeschlossen', '2023-02-05', '2023-02-12', NULL),
(11, 11, 11, 11, 11, 'abgeschlossen', '2023-02-08', '2023-02-15', NULL),
(12, 12, 12, 12, 12, 'abgeschlossen', '2023-02-10', '2023-02-17', NULL),
(13, 13, 1, 13, 13, 'abgeschlossen', '2023-02-12', '2023-02-19', NULL),
(14, 14, 2, 14, 14, 'abgeschlossen', '2023-02-15', '2023-02-22', NULL),
(15, 15, 3, 15, 15, 'abgeschlossen', '2023-02-18', '2023-02-25', NULL),
(16, 16, 4, 16, 16, 'abgeschlossen', '2023-02-20', '2023-02-27', NULL),
(17, 17, 5, 17, 17, 'abgeschlossen', '2023-02-22', '2023-03-01', NULL),
(18, 18, 6, 18, 18, 'abgeschlossen', '2023-02-25', '2023-03-04', NULL),
(19, 19, 7, 19, 19, 'abgeschlossen', '2023-02-28', '2023-03-07', NULL),
(20, 20, 8, 20, 20, 'abgeschlossen', '2023-03-01', '2023-03-08', NULL),
(21, 21, 9, 21, 21, 'bestätigt', '2023-03-05', '2023-03-12', NULL),
(22, 22, 10, 22, 22, 'bestätigt', '2023-03-08', '2023-03-15', NULL),
(23, 23, 11, 23, 23, 'bestätigt', '2023-03-10', '2023-03-17', NULL),
(24, 24, 12, 24, 24, 'bestätigt', '2023-03-12', '2023-03-19', NULL),
(25, 25, 1, 25, 25, 'bestätigt', '2023-03-15', '2023-03-22', NULL),
(26, 1, 2, 26, 26, 'aktiv', '2023-03-18', '2023-03-25', NULL),
(27, 2, 3, 27, 27, 'aktiv', '2023-03-20', '2023-03-27', NULL),
(28, 3, 4, 28, 28, 'aktiv', '2023-03-22', '2023-03-29', NULL),
(29, 4, 5, 29, 29, 'aktiv', '2023-03-25', '2023-04-01', NULL),
(30, 5, 6, 30, 30, 'aktiv', '2023-03-28', '2023-04-04', NULL),
(31, 6, 7, 31, 31, 'storniert', '2023-04-01', '2023-04-08', NULL),
(32, 7, 8, 32, 32, 'storniert', '2023-04-05', '2023-04-12', NULL),
(33, 8, 9, 33, 33, 'storniert', '2023-04-08', '2023-04-15', NULL),
(34, 9, 10, 34, 34, 'storniert', '2023-04-10', '2023-04-17', NULL),
(35, 10, 11, 35, 35, 'storniert', '2023-04-12', '2023-04-19', NULL),
(36, 11, 12, 36, 36, 'aktiv', '2023-04-15', '2023-04-22', NULL),
(37, 12, 1, 37, 37, 'aktiv', '2023-04-18', '2023-04-25', NULL),
(38, 13, 2, 38, 38, 'aktiv', '2023-04-20', '2023-04-27', NULL),
(39, 14, 3, 39, 39, 'aktiv', '2023-04-22', '2023-04-29', NULL),
(40, 15, 4, 40, 40, 'aktiv', '2023-04-25', '2023-05-02', NULL),
(41, 16, 5, 41, 41, 'bestätigt', '2023-04-28', '2023-05-05', NULL),
(42, 17, 6, 42, 42, 'bestätigt', '2023-05-01', '2023-05-08', NULL),
(43, 18, 7, 43, 43, 'bestätigt', '2023-05-05', '2023-05-12', NULL),
(44, 19, 8, 44, 44, 'bestätigt', '2023-05-08', '2023-05-15', NULL),
(45, 20, 9, 45, 45, 'bestätigt', '2023-05-10', '2023-05-17', NULL),
(46, 21, 10, 46, 46, 'bestätigt', '2023-05-12', '2023-05-19', NULL),
(47, 22, 11, 47, 47, 'bestätigt', '2023-05-15', '2023-05-22', NULL),
(48, 23, 12, 48, 48, 'bestätigt', '2023-05-18', '2023-05-25', NULL),
(49, 24, 1, 49, 49, 'bestätigt', '2023-05-20', '2023-05-27', NULL),
(50, 25, 2, 50, 50, 'bestätigt', '2023-05-22', '2023-05-29', NULL);
-- --------------------------------------------------------

--
-- Tabellenstruktur für Tabelle `ruecknahmeprotokolle`
--

CREATE TABLE `ruecknahmeprotokolle` (
  `ruecknahmeprotokollID` int(11) NOT NULL,
  `ersteller` int(11) NOT NULL,
  `protokollDatum` DATE DEFAULT NULL,
  `tank` float NOT NULL,
  `sauberkeit` enum('sehr schmutzig','leicht schmutzig','neutral','sauber','sehr sauber') NOT NULL,
  `schadenTarifID`  int(11) NOT NULL,
  `kilometerstand` int(11) NOT NULL,
  `mietvertragID` int(11) NOT NULL
) ENGINE=InnoDB DEFAULT CHARSET=utf8mb4;

--
-- Daten für Tabelle `ruecknahmeprotokolle`
--
INSERT INTO `ruecknahmeprotokolle` (`ruecknahmeprotokollID`, `ersteller`, `protokollDatum`, `tank`, `sauberkeit`, `schadenTarifID`, `kilometerstand`, `mietvertragID`) VALUES
(1, 1, '2023-01-15', 0.8, 'sauber', 13, 13021, 1),
(2, 2, '2023-01-18', 0.5, 'sehr sauber', 14, 24012, 2),
(3, 3, '2023-01-20', 0.9, 'neutral', 13, 35045, 3),
(4, 4, '2023-01-25', 0.7, 'leicht schmutzig', 13, 46230, 4),
(5, 5, '2023-01-27', 0.6, 'sauber', 14, 57345, 5),
(6, 6, '2023-01-29', 0.8, 'sehr sauber', 13, 68456, 6),
(7, 7, '2023-02-01', 0.5, 'neutral', 13, 79567, 7),
(8, 8, '2023-02-05', 0.9, 'sauber', 13, 90678, 8),
(9, 9, '2023-02-08', 0.7, 'leicht schmutzig', 14, 101789, 9),
(10, 10, '2023-02-12', 0.6, 'sehr sauber', 13, 112890, 10),
(11, 1, '2023-02-15', 0.8, 'sauber', 13, 123901, 11),
(12, 2, '2023-02-17', 0.5, 'neutral', 14, 135012, 12),
(13, 3, '2023-02-19', 0.9, 'sehr sauber', 13, 146123, 13),
(14, 4, '2023-02-22', 0.7, 'sauber', 13, 157234, 14),
(15, 5, '2023-02-25', 0.6, 'leicht schmutzig', 13, 168345, 15),
(16, 6, '2023-02-27', 0.8, 'neutral', 14, 179456, 16),
(17, 7, '2023-03-01', 0.5, 'sehr sauber', 13, 190567, 17),
(18, 8, '2023-03-04', 0.9, 'sauber', 13, 201678, 18),
(19, 9, '2023-03-07', 0.7, 'leicht schmutzig', 13, 212789, 19),
(20, 10, '2023-03-08', 0.6, 'sehr sauber', 14, 223890, 20);
-- --------------------------------------------------------

--
-- Tabellenstruktur für Tabelle `tarife`
--

CREATE TABLE `tarife` (
  `tarifID` int(11) NOT NULL,
  `tarifBez` varchar(45) NOT NULL,
  `tarifPreis` double NOT NULL
) ENGINE=InnoDB DEFAULT CHARSET=utf8mb4;

--
-- Daten für Tabelle `tarife`
--

INSERT INTO `tarife` (`tarifID`, `tarifBez`, `tarifPreis`) VALUES
(1, 'Tarif 1', 70.5),
(2, 'Tarif 2', 75.5),
(3, 'Tarif 3', 90.5),
(4, 'Tarif 4', 103.5),
(5, 'Tarif 5', 92.5),
(6, 'Tarif 6', 95),
(7, 'Tarif 7', 97.5),
(8, 'Tarif 8', 80),
(9, 'Tarif 9', 73.5),
(10, 'Tarif 10', 84.5),
(11, 'Tarif 11', 125.5),
(12, 'Tarif 12', 145.6),
(13, 'kein Schaden', 0),
(14, 'leichter Schaden', 50),
(15, 'starker Schaden', 250),
(16, 'Totalschaden', 1000);

-- --------------------------------------------------------

--
-- Indizes der exportierten Tabellen
--

--
-- Indizes für die Tabelle `kfzs`
--
ALTER TABLE `kfz`
  ADD PRIMARY KEY (`kfzID`),
  ADD KEY `kfz_kfzTypID` (`kfzTypID`),
  ADD KEY `kfz_kfzPreisKategorieID` (`kfzPreisKategorieID`);

--
-- Indizes für die Tabelle `kfztypen`
--
ALTER TABLE `kfztypen`
  ADD PRIMARY KEY (`kfzTypID`),
  ADD KEY `kfztypen_tarifID_idx` (`tarifID`);
  
--
-- Indizes für die Tabelle `kfztypen`
--
ALTER TABLE `kfzPreisKategorie`
  ADD PRIMARY KEY (`kfzPreisKategorieID`);

--
-- Indizes für die Tabelle `kunden`
--
ALTER TABLE `kunden`
  ADD PRIMARY KEY (`kundeID`);

--
-- Indizes für die Tabelle `mietstationen`
--
ALTER TABLE `mietstationen`
  ADD PRIMARY KEY (`mietstationID`);

--
-- Indizes für die Tabelle `mietvertraege`
--
ALTER TABLE `mietvertraege`
  ADD PRIMARY KEY (`mietvertragID`),
  ADD KEY `mietvertraege_kfzID_idx` (`kfzID`),
  ADD KEY `mietvertraege_reservierungID` (`reservierungID`);

--
-- Indizes für die Tabelle `mitarbeiter`
--
ALTER TABLE `mitarbeiter`
  ADD PRIMARY KEY (`mitarbeiterID`);

--
-- Indizes für die Tabelle `rechnungen`
--
ALTER TABLE `rechnungen`
  ADD PRIMARY KEY (`rechnungNr`),
  ADD KEY `rechnungen_kundeID_idx` (`kundeID`),
  ADD KEY `rechnungen_mietvertragID_idx` (`mietvertragID`),
  ADD KEY `rechnungen_ruecknahmeprotokollID_idx` (`ruecknahmeprotokollID`);

--
-- Indizes für die Tabelle `reservierungen`
--
ALTER TABLE `reservierungen`
  ADD PRIMARY KEY (`reservierungID`),
  ADD KEY `reservierungen_kfzID_idx` (`kfzID`),
  ADD KEY `reservierungen_abholstationID_idx` (`abholstationID`),
  ADD KEY `reservierungen_abgabestationID_idx` (`abgabestationID`),
  ADD KEY `reservierungen_kundeID_idx` (`kundeID`) USING BTREE;

--
-- Indizes für die Tabelle `ruecknahmeprotokolle`
--
ALTER TABLE `ruecknahmeprotokolle`
  ADD PRIMARY KEY (`ruecknahmeprotokollID`),
  ADD UNIQUE KEY `ruecknahmeprotokolle_mietvertragID` (`mietvertragID`),
  ADD KEY `ruecknahmeprotokolle_ersteller` (`ersteller`),
  ADD KEY `ruecknahmeprotokolle_tarifID_idx` (`schadenTarifID`);

--
-- Indizes für die Tabelle `tarife`
--
ALTER TABLE `tarife`
  ADD PRIMARY KEY (`tarifID`);

--
-- AUTO_INCREMENT für exportierte Tabellen
--

--
-- AUTO_INCREMENT für Tabelle `kfzs`
--
ALTER TABLE `kfz`
  MODIFY `kfzID` int(11) NOT NULL AUTO_INCREMENT, AUTO_INCREMENT=3101;

--
-- AUTO_INCREMENT für Tabelle `kunden`
--
ALTER TABLE `kunden`
  MODIFY `kundeID` int(11) NOT NULL AUTO_INCREMENT, AUTO_INCREMENT=26;

--
-- AUTO_INCREMENT für Tabelle `mietstationen`
--
ALTER TABLE `mietstationen`
  MODIFY `mietstationID` int(11) NOT NULL AUTO_INCREMENT, AUTO_INCREMENT=201;

--
-- AUTO_INCREMENT für Tabelle `mietvertraege`
--
ALTER TABLE `mietvertraege`
  MODIFY `mietvertragID` int(11) NOT NULL AUTO_INCREMENT, AUTO_INCREMENT=51;

--
-- AUTO_INCREMENT für Tabelle `mitarbeiter`
--
ALTER TABLE `mitarbeiter`
  MODIFY `mitarbeiterID` int(11) NOT NULL AUTO_INCREMENT, AUTO_INCREMENT=11;

--
-- AUTO_INCREMENT für Tabelle `rechnungen`
--
ALTER TABLE `rechnungen`
  MODIFY `rechnungNr` int(11) NOT NULL AUTO_INCREMENT, AUTO_INCREMENT=21;

--
-- AUTO_INCREMENT für Tabelle `reservierungen`
--
ALTER TABLE `reservierungen`
  MODIFY `reservierungID` int(11) NOT NULL AUTO_INCREMENT, AUTO_INCREMENT=51;

--
-- AUTO_INCREMENT für Tabelle `ruecknahmeprotokolle`
--
ALTER TABLE `ruecknahmeprotokolle`
  MODIFY `ruecknahmeprotokollID` int(11) NOT NULL AUTO_INCREMENT, AUTO_INCREMENT=21;

--
-- Constraints der exportierten Tabellen
--

--
-- Constraints der Tabelle `kfzs`
--
ALTER TABLE `kfz`
  ADD CONSTRAINT `kfz_kfzTypID` FOREIGN KEY (`kfzTypID`) REFERENCES `kfztypen` (`kfzTypID`),
  ADD CONSTRAINT `kfz_kfzPreisKategorieID` FOREIGN KEY (`kfzPreisKategorieID`) REFERENCES `kfzPreisKategorie` (`kfzPreisKategorieID`);

--
-- Constraints der Tabelle `kfztypen`
--
ALTER TABLE `kfztypen`
  ADD CONSTRAINT `kfztypen_tarifID` FOREIGN KEY (`tarifID`) REFERENCES `tarife` (`tarifID`);

--
-- Constraints der Tabelle `mietvertraege`
--
ALTER TABLE `mietvertraege`
  ADD CONSTRAINT `mietvertraege_reservierungID` FOREIGN KEY (`reservierungID`) REFERENCES `reservierungen` (`reservierungID`),
  ADD CONSTRAINT `mietvertraege_kfzID` FOREIGN KEY (`kfzID`) REFERENCES `kfz` (`kfzID`);

--
-- Constraints der Tabelle `rechnungen`
--
ALTER TABLE `rechnungen`
  ADD CONSTRAINT `rechnungen_kundeID` FOREIGN KEY (`kundeID`) REFERENCES `kunden` (`kundeID`),
  ADD CONSTRAINT `rechnungen_mietvertragID` FOREIGN KEY (`mietvertragID`) REFERENCES `mietvertraege` (`mietvertragID`),
  ADD CONSTRAINT `rechnungen_ruecknahmeprotokollID` FOREIGN KEY (`ruecknahmeprotokollID`) REFERENCES `ruecknahmeprotokolle` (`ruecknahmeprotokollID`);

--
-- Constraints der Tabelle `reservierungen`
--
ALTER TABLE `reservierungen`
  ADD CONSTRAINT `reservierungen_kfzTypID` FOREIGN KEY (`kfzID`) REFERENCES `kfz` (`kfzID`),
  ADD CONSTRAINT `reservierungen_kundeID` FOREIGN KEY (`kundeID`) REFERENCES `kunden` (`kundeID`),
  ADD CONSTRAINT `reservierungen_abholstationID` FOREIGN KEY (`abholstationID`) REFERENCES `mietstationen` (`mietstationID`),
  ADD CONSTRAINT `reservierungen_abgabestationID` FOREIGN KEY (`abgabestationID`) REFERENCES `mietstationen` (`mietstationID`);

--
-- Constraints der Tabelle `ruecknahmeprotokolle`
--
ALTER TABLE `ruecknahmeprotokolle`
  ADD CONSTRAINT `ruecknahmeprotokolle_ersteller` FOREIGN KEY (`ersteller`) REFERENCES `mitarbeiter` (`mitarbeiterID`),
  ADD CONSTRAINT `ruecknahmeprotokolle_mietvertragID` FOREIGN KEY (`mietvertragID`) REFERENCES `mietvertraege` (`mietvertragID`),
  ADD CONSTRAINT `ruecknahmeprotokolle_tarifID` FOREIGN KEY (`schadenTarifID`) REFERENCES `tarife` (`tarifID`);

DELIMITER $$

-- Trigger für mietvertraege
CREATE TRIGGER trg_mietvertraege_set_datum
BEFORE INSERT ON mietvertraege
FOR EACH ROW
BEGIN
  IF NEW.datum IS NULL THEN
    SET NEW.datum = CURRENT_DATE;
  END IF;
END$$

-- Trigger für rechnungen
CREATE TRIGGER trg_rechnungen_set_datum
BEFORE INSERT ON rechnungen
FOR EACH ROW
BEGIN
  IF NEW.rechnungDatum IS NULL THEN
    SET NEW.rechnungDatum = CURRENT_DATE;
  END IF;
END$$

-- Trigger für ruecknahmeprotokolle
CREATE TRIGGER trg_ruecknahmeprotokolle_set_datum
BEFORE INSERT ON ruecknahmeprotokolle
FOR EACH ROW
BEGIN
  IF NEW.protokollDatum IS NULL THEN
    SET NEW.protokollDatum = CURRENT_DATE;
  END IF;
END$$

DELIMITER ;